Seed,Match outcome,Winner,Loser,Winner score,Loser score,Game points,Deck closed,Closer,Closure points,BullyBot marriages,BullyBot trump exchanges,BullyBot won after closing,Trumps when closing,Non-trumps when closing,Tricks won after closing,BullyBot RNG Seed,RandBot RNG Seed
0,RandBot beat BullyBot,RandBot,BullyBot,64,56,1,False,None,N/A,0,0,False,N/A,N/A,N/A,30000,20000
1,RandBot beat BullyBot,RandBot,BullyBot,58,62,1,False,None,N/A,0,0,False,N/A,N/A,N/A,30001,20001
2,RandBot beat BullyBot,RandBot,BullyBot,68,52,1,False,None,N/A,0,0,False,N/A,N/A,N/A,30002,20002
3,RandBot beat BullyBot,RandBot,BullyBot,59,61,1,False,None,N/A,0,0,False,N/A,N/A,N/A,30003,20003
4,RandBot beat BullyBot,RandBot,BullyBot,66,55,2,True,RandBot,26,0,0,False,N/A,N/A,N/A,30004,20004
5,BullyBot beat RandBot,BullyBot,RandBot,35,26,3,True,RandBot,0,0,0,False,N/A,N/A,N/A,30005,20005
6,BullyBot beat RandBot,BullyBot,RandBot,66,35,1,False,None,N/A,0,0,False,N/A,N/A,N/A,30006,20006
7,RandBot beat BullyBot,RandBot,BullyBot,73,0,3,True,RandBot,19,0,0,False,N/A,N/A,N/A,30007,20007
8,RandBot beat BullyBot,RandBot,BullyBot,68,47,1,False,None,N/A,0,0,False,N/A,N/A,N/A,30008,20008
9,RandBot beat BullyBot,RandBot,BullyBot,58,62,1,False,None,N/A,0,0,False,N/A,N/A,N/A,30009,20009
10,BullyBot beat RandBot,BullyBot,RandBot,67,21,2,False,None,N/A,0,0,False,N/A,N/A,N/A,30010,20010
11,BullyBot beat RandBot,BullyBot,RandBot,68,18,2,False,None,N/A,0,0,False,N/A,N/A,N/A,30011,20011
12,RandBot beat BullyBot,RandBot,BullyBot,78,12,2,True,RandBot,49,0,0,False,N/A,N/A,N/A,30012,20012
13,BullyBot beat RandBot,BullyBot,RandBot,53,0,3,True,RandBot,0,0,0,False,N/A,N/A,N/A,30013,20013
14,BullyBot beat RandBot,BullyBot,RandBot,68,0,3,False,None,N/A,0,0,False,N/A,N/A,N/A,30014,20014
15,BullyBot beat RandBot,BullyBot,RandBot,77,0,3,False,None,N/A,0,0,False,N/A,N/A,N/A,30015,20015
16,BullyBot beat RandBot,BullyBot,RandBot,77,0,3,False,None,N/A,0,0,False,N/A,N/A,N/A,30016,20016
17,BullyBot beat RandBot,BullyBot,RandBot,68,0,3,False,None,N/A,0,0,False,N/A,N/A,N/A,30017,20017
18,RandBot beat BullyBot,RandBot,BullyBot,63,57,1,False,None,N/A,0,0,False,N/A,N/A,N/A,30018,20018
19,BullyBot beat RandBot,BullyBot,RandBot,69,26,2,False,None,N/A,0,0,False,N/A,N/A,N/A,30019,20019
20,RandBot beat BullyBot,RandBot,BullyBot,66,42,1,False,None,N/A,0,0,False,N/A,N/A,N/A,30020,20020
21,BullyBot beat RandBot,BullyBot,RandBot,68,25,2,False,None,N/A,0,0,False,N/A,N/A,N/A,30021,20021
22,RandBot beat BullyBot,RandBot,BullyBot,66,54,1,False,None,N/A,0,0,False,N/A,N/A,N/A,30022,20022
23,RandBot beat BullyBot,RandBot,BullyBot,60,60,1,False,None,N/A,0,0,False,N/A,N/A,N/A,30023,20023
24,BullyBot beat RandBot,BullyBot,RandBot,66,12,2,True,RandBot,12,0,0,False,N/A,N/A,N/A,30024,20024
25,BullyBot beat RandBot,BullyBot,RandBot,68,0,3,False,None,N/A,0,0,False,N/A,N/A,N/A,30025,20025
26,RandBot beat BullyBot,RandBot,BullyBot,59,61,1,False,None,N/A,0,0,False,N/A,N/A,N/A,30026,20026
27,RandBot beat BullyBot,RandBot,BullyBot,74,15,3,True,RandBot,0,0,0,False,N/A,N/A,N/A,30027,20027
28,BullyBot beat RandBot,BullyBot,RandBot,80,0,3,False,None,N/A,0,0,False,N/A,N/A,N/A,30028,20028
29,BullyBot beat RandBot,BullyBot,RandBot,68,32,2,False,None,N/A,0,0,False,N/A,N/A,N/A,30029,20029
30,RandBot beat BullyBot,RandBot,BullyBot,57,63,1,False,None,N/A,0,0,False,N/A,N/A,N/A,30030,20030
31,RandBot beat BullyBot,RandBot,BullyBot,58,62,1,False,None,N/A,0,0,False,N/A,N/A,N/A,30031,20031
32,RandBot beat BullyBot,RandBot,BullyBot,67,46,1,False,None,N/A,0,0,False,N/A,N/A,N/A,30032,20032
33,RandBot beat BullyBot,RandBot,BullyBot,12,50,3,True,RandBot,0,0,0,False,N/A,N/A,N/A,30033,20033
34,RandBot beat BullyBot,RandBot,BullyBot,66,41,1,True,RandBot,15,0,0,False,N/A,N/A,N/A,30034,20034
35,BullyBot beat RandBot,BullyBot,RandBot,68,0,3,False,None,N/A,0,0,False,N/A,N/A,N/A,30035,20035
36,BullyBot beat RandBot,BullyBot,RandBot,66,49,2,True,RandBot,13,0,0,False,N/A,N/A,N/A,30036,20036
37,BullyBot beat RandBot,BullyBot,RandBot,73,29,2,False,None,N/A,0,0,False,N/A,N/A,N/A,30037,20037
38,BullyBot beat RandBot,BullyBot,RandBot,71,0,3,False,None,N/A,0,0,False,N/A,N/A,N/A,30038,20038
39,BullyBot beat RandBot,BullyBot,RandBot,50,45,3,True,RandBot,12,0,0,False,N/A,N/A,N/A,30039,20039
40,BullyBot beat RandBot,BullyBot,RandBot,71,0,3,False,None,N/A,0,0,False,N/A,N/A,N/A,30040,20040
41,RandBot beat BullyBot,RandBot,BullyBot,35,25,3,True,RandBot,0,0,0,False,N/A,N/A,N/A,30041,20041
42,RandBot beat BullyBot,RandBot,BullyBot,68,40,1,False,None,N/A,0,0,False,N/A,N/A,N/A,30042,20042
43,BullyBot beat RandBot,BullyBot,RandBot,66,22,2,False,None,N/A,0,0,False,N/A,N/A,N/A,30043,20043
44,RandBot beat BullyBot,RandBot,BullyBot,75,0,3,True,RandBot,55,0,0,False,N/A,N/A,N/A,30044,20044
45,RandBot beat BullyBot,RandBot,BullyBot,51,36,2,True,RandBot,13,0,0,False,N/A,N/A,N/A,30045,20045
46,RandBot beat BullyBot,RandBot,BullyBot,58,62,1,False,None,N/A,0,0,False,N/A,N/A,N/A,30046,20046
47,RandBot beat BullyBot,RandBot,BullyBot,38,13,3,True,RandBot,0,0,0,False,N/A,N/A,N/A,30047,20047
48,BullyBot beat RandBot,BullyBot,RandBot,66,0,3,False,None,N/A,0,0,False,N/A,N/A,N/A,30048,20048
49,BullyBot beat RandBot,BullyBot,RandBot,68,14,2,False,None,N/A,0,0,False,N/A,N/A,N/A,30049,20049
50,RandBot beat BullyBot,RandBot,BullyBot,66,54,1,False,None,N/A,0,0,False,N/A,N/A,N/A,30050,20050
51,BullyBot beat RandBot,BullyBot,RandBot,71,0,3,False,None,N/A,0,0,False,N/A,N/A,N/A,30051,20051
52,BullyBot beat RandBot,BullyBot,RandBot,71,35,1,False,None,N/A,0,0,False,N/A,N/A,N/A,30052,20052
53,BullyBot beat RandBot,BullyBot,RandBot,66,0,3,False,None,N/A,0,0,False,N/A,N/A,N/A,30053,20053
54,BullyBot beat RandBot,BullyBot,RandBot,68,47,1,False,None,N/A,0,0,False,N/A,N/A,N/A,30054,20054
55,BullyBot beat RandBot,BullyBot,RandBot,6,60,3,True,RandBot,0,0,0,False,N/A,N/A,N/A,30055,20055
56,RandBot beat BullyBot,RandBot,BullyBot,66,41,1,False,None,N/A,0,0,False,N/A,N/A,N/A,30056,20056
57,RandBot beat BullyBot,RandBot,BullyBot,66,54,1,False,None,N/A,0,0,False,N/A,N/A,N/A,30057,20057
58,BullyBot beat RandBot,BullyBot,RandBot,66,0,3,False,None,N/A,0,0,False,N/A,N/A,N/A,30058,20058
59,BullyBot beat RandBot,BullyBot,RandBot,74,26,2,False,None,N/A,0,0,False,N/A,N/A,N/A,30059,20059
60,RandBot beat BullyBot,RandBot,BullyBot,56,64,1,False,None,N/A,0,0,False,N/A,N/A,N/A,30060,20060
61,RandBot beat BullyBot,RandBot,BullyBot,41,55,3,True,RandBot,34,0,0,False,N/A,N/A,N/A,30061,20061
62,RandBot beat BullyBot,RandBot,BullyBot,55,65,1,False,None,N/A,0,0,False,N/A,N/A,N/A,30062,20062
63,BullyBot beat RandBot,BullyBot,RandBot,55,65,1,False,None,N/A,0,0,False,N/A,N/A,N/A,30063,20063
64,BullyBot beat RandBot,BullyBot,RandBot,66,28,2,True,RandBot,22,0,0,False,N/A,N/A,N/A,30064,20064
65,RandBot beat BullyBot,RandBot,BullyBot,67,21,2,False,None,N/A,0,0,False,N/A,N/A,N/A,30065,20065
66,BullyBot beat RandBot,BullyBot,RandBot,78,0,3,False,None,N/A,0,0,False,N/A,N/A,N/A,30066,20066
67,BullyBot beat RandBot,BullyBot,RandBot,66,0,3,False,None,N/A,0,0,False,N/A,N/A,N/A,30067,20067
68,BullyBot beat RandBot,BullyBot,RandBot,37,55,3,True,RandBot,41,0,0,False,N/A,N/A,N/A,30068,20068
69,BullyBot beat RandBot,BullyBot,RandBot,69,0,3,False,None,N/A,0,0,False,N/A,N/A,N/A,30069,20069
70,RandBot beat BullyBot,RandBot,BullyBot,66,47,1,False,None,N/A,0,0,False,N/A,N/A,N/A,30070,20070
71,BullyBot beat RandBot,BullyBot,RandBot,82,0,3,False,None,N/A,0,0,False,N/A,N/A,N/A,30071,20071
72,BullyBot beat RandBot,BullyBot,RandBot,72,0,3,False,None,N/A,0,0,False,N/A,N/A,N/A,30072,20072
73,RandBot beat BullyBot,RandBot,BullyBot,67,62,1,False,None,N/A,0,0,False,N/A,N/A,N/A,30073,20073
74,RandBot beat BullyBot,RandBot,BullyBot,72,35,1,False,None,N/A,0,0,False,N/A,N/A,N/A,30074,20074
75,RandBot beat BullyBot,RandBot,BullyBot,60,60,1,False,None,N/A,0,0,False,N/A,N/A,N/A,30075,20075
76,BullyBot beat RandBot,BullyBot,RandBot,68,20,2,True,RandBot,20,0,0,False,N/A,N/A,N/A,30076,20076
77,BullyBot beat RandBot,BullyBot,RandBot,76,0,3,False,None,N/A,0,0,False,N/A,N/A,N/A,30077,20077
78,BullyBot beat RandBot,BullyBot,RandBot,0,0,3,True,RandBot,21,0,0,False,N/A,N/A,N/A,30078,20078
79,RandBot beat BullyBot,RandBot,BullyBot,61,59,1,False,None,N/A,0,0,False,N/A,N/A,N/A,30079,20079
80,BullyBot beat RandBot,BullyBot,RandBot,69,0,3,False,None,N/A,0,0,False,N/A,N/A,N/A,30080,20080
81,BullyBot beat RandBot,BullyBot,RandBot,69,20,2,False,None,N/A,0,0,False,N/A,N/A,N/A,30081,20081
82,BullyBot beat RandBot,BullyBot,RandBot,82,15,2,False,None,N/A,0,0,False,N/A,N/A,N/A,30082,20082
83,RandBot beat BullyBot,RandBot,BullyBot,66,54,1,False,None,N/A,0,0,False,N/A,N/A,N/A,30083,20083
84,BullyBot beat RandBot,BullyBot,RandBot,67,0,3,False,None,N/A,0,0,False,N/A,N/A,N/A,30084,20084
85,RandBot beat BullyBot,RandBot,BullyBot,71,32,2,False,None,N/A,0,0,False,N/A,N/A,N/A,30085,20085
86,RandBot beat BullyBot,RandBot,BullyBot,74,27,3,True,RandBot,49,0,0,False,N/A,N/A,N/A,30086,20086
87,RandBot beat BullyBot,RandBot,BullyBot,59,61,1,False,None,N/A,0,0,False,N/A,N/A,N/A,30087,20087
88,RandBot beat BullyBot,RandBot,BullyBot,78,19,2,True,RandBot,22,0,0,False,N/A,N/A,N/A,30088,20088
89,RandBot beat BullyBot,RandBot,BullyBot,69,51,1,False,None,N/A,0,0,False,N/A,N/A,N/A,30089,20089
90,RandBot beat BullyBot,RandBot,BullyBot,73,47,1,False,None,N/A,0,0,False,N/A,N/A,N/A,30090,20090
91,BullyBot beat RandBot,BullyBot,RandBot,69,0,3,False,None,N/A,0,0,False,N/A,N/A,N/A,30091,20091
92,BullyBot beat RandBot,BullyBot,RandBot,67,14,2,False,None,N/A,0,0,False,N/A,N/A,N/A,30092,20092
93,BullyBot beat RandBot,BullyBot,RandBot,76,0,3,False,None,N/A,0,0,False,N/A,N/A,N/A,30093,20093
94,RandBot beat BullyBot,RandBot,BullyBot,47,21,3,True,RandBot,13,0,0,False,N/A,N/A,N/A,30094,20094
95,RandBot beat BullyBot,RandBot,BullyBot,66,41,2,True,RandBot,34,0,0,False,N/A,N/A,N/A,30095,20095
96,RandBot beat BullyBot,RandBot,BullyBot,69,42,1,False,None,N/A,0,0,False,N/A,N/A,N/A,30096,20096
97,RandBot beat BullyBot,RandBot,BullyBot,75,6,2,False,None,N/A,0,0,False,N/A,N/A,N/A,30097,20097
98,BullyBot beat RandBot,BullyBot,RandBot,75,0,3,False,None,N/A,0,0,False,N/A,N/A,N/A,30098,20098
99,RandBot beat BullyBot,RandBot,BullyBot,66,49,1,False,None,N/A,0,0,False,N/A,N/A,N/A,30099,20099
100,BullyBot beat RandBot,BullyBot,RandBot,76,6,2,False,None,N/A,0,0,False,N/A,N/A,N/A,30100,20100
101,BullyBot beat RandBot,BullyBot,RandBot,77,12,2,False,None,N/A,0,0,False,N/A,N/A,N/A,30101,20101
102,RandBot beat BullyBot,RandBot,BullyBot,75,33,1,False,None,N/A,0,0,False,N/A,N/A,N/A,30102,20102
103,BullyBot beat RandBot,BullyBot,RandBot,71,29,2,False,None,N/A,0,0,False,N/A,N/A,N/A,30103,20103
104,RandBot beat BullyBot,RandBot,BullyBot,70,44,1,False,None,N/A,0,0,False,N/A,N/A,N/A,30104,20104
105,RandBot beat BullyBot,RandBot,BullyBot,75,41,1,True,RandBot,41,0,0,False,N/A,N/A,N/A,30105,20105
106,BullyBot beat RandBot,BullyBot,RandBot,69,21,2,False,None,N/A,0,0,False,N/A,N/A,N/A,30106,20106
107,RandBot beat BullyBot,RandBot,BullyBot,23,29,3,True,RandBot,0,0,0,False,N/A,N/A,N/A,30107,20107
108,BullyBot beat RandBot,BullyBot,RandBot,75,0,3,False,None,N/A,0,0,False,N/A,N/A,N/A,30108,20108
109,RandBot beat BullyBot,RandBot,BullyBot,74,42,1,False,None,N/A,0,0,False,N/A,N/A,N/A,30109,20109
110,BullyBot beat RandBot,BullyBot,RandBot,78,0,3,False,None,N/A,0,0,False,N/A,N/A,N/A,30110,20110
111,BullyBot beat RandBot,BullyBot,RandBot,68,0,3,False,None,N/A,0,0,False,N/A,N/A,N/A,30111,20111
112,BullyBot beat RandBot,BullyBot,RandBot,76,0,3,False,None,N/A,0,0,False,N/A,N/A,N/A,30112,20112
113,RandBot beat BullyBot,RandBot,BullyBot,66,54,1,False,None,N/A,0,0,False,N/A,N/A,N/A,30113,20113
114,RandBot beat BullyBot,RandBot,BullyBot,64,56,1,False,None,N/A,0,0,False,N/A,N/A,N/A,30114,20114
115,RandBot beat BullyBot,RandBot,BullyBot,67,6,2,True,RandBot,13,0,0,False,N/A,N/A,N/A,30115,20115
116,BullyBot beat RandBot,BullyBot,RandBot,65,55,1,False,None,N/A,0,0,False,N/A,N/A,N/A,30116,20116
117,BullyBot beat RandBot,BullyBot,RandBot,70,0,3,False,None,N/A,0,0,False,N/A,N/A,N/A,30117,20117
118,BullyBot beat RandBot,BullyBot,RandBot,78,0,3,False,None,N/A,0,0,False,N/A,N/A,N/A,30118,20118
119,RandBot beat BullyBot,RandBot,BullyBot,67,62,1,False,None,N/A,0,0,False,N/A,N/A,N/A,30119,20119
120,BullyBot beat RandBot,BullyBot,RandBot,68,21,2,False,None,N/A,0,0,False,N/A,N/A,N/A,30120,20120
121,RandBot beat BullyBot,RandBot,BullyBot,48,20,3,True,RandBot,0,0,0,False,N/A,N/A,N/A,30121,20121
122,RandBot beat BullyBot,RandBot,BullyBot,76,38,1,False,None,N/A,0,0,False,N/A,N/A,N/A,30122,20122
123,RandBot beat BullyBot,RandBot,BullyBot,74,22,2,True,RandBot,62,0,0,False,N/A,N/A,N/A,30123,20123
124,BullyBot beat RandBot,BullyBot,RandBot,67,0,3,False,None,N/A,0,0,False,N/A,N/A,N/A,30124,20124
125,RandBot beat BullyBot,RandBot,BullyBot,45,13,3,True,RandBot,0,0,0,False,N/A,N/A,N/A,30125,20125
126,RandBot beat BullyBot,RandBot,BullyBot,62,58,1,False,None,N/A,0,0,False,N/A,N/A,N/A,30126,20126
127,RandBot beat BullyBot,RandBot,BullyBot,64,56,1,False,None,N/A,0,0,False,N/A,N/A,N/A,30127,20127
128,RandBot beat BullyBot,RandBot,BullyBot,67,53,1,False,None,N/A,0,0,False,N/A,N/A,N/A,30128,20128
129,BullyBot beat RandBot,BullyBot,RandBot,72,0,3,False,None,N/A,0,0,False,N/A,N/A,N/A,30129,20129
130,RandBot beat BullyBot,RandBot,BullyBot,33,28,3,True,RandBot,6,0,0,False,N/A,N/A,N/A,30130,20130
131,BullyBot beat RandBot,BullyBot,RandBot,69,0,3,False,None,N/A,0,0,False,N/A,N/A,N/A,30131,20131
132,RandBot beat BullyBot,RandBot,BullyBot,68,35,1,False,None,N/A,0,0,False,N/A,N/A,N/A,30132,20132
133,RandBot beat BullyBot,RandBot,BullyBot,67,28,2,False,None,N/A,0,0,False,N/A,N/A,N/A,30133,20133
134,BullyBot beat RandBot,BullyBot,RandBot,83,0,3,False,None,N/A,0,0,False,N/A,N/A,N/A,30134,20134
135,RandBot beat BullyBot,RandBot,BullyBot,66,29,2,False,None,N/A,0,0,False,N/A,N/A,N/A,30135,20135
136,BullyBot beat RandBot,BullyBot,RandBot,71,22,2,True,RandBot,22,0,0,False,N/A,N/A,N/A,30136,20136
137,BullyBot beat RandBot,BullyBot,RandBot,69,0,3,False,None,N/A,0,0,False,N/A,N/A,N/A,30137,20137
138,RandBot beat BullyBot,RandBot,BullyBot,61,59,1,False,None,N/A,0,0,False,N/A,N/A,N/A,30138,20138
139,RandBot beat BullyBot,RandBot,BullyBot,66,20,2,True,RandBot,15,0,0,False,N/A,N/A,N/A,30139,20139
140,RandBot beat BullyBot,RandBot,BullyBot,68,6,2,False,None,N/A,0,0,False,N/A,N/A,N/A,30140,20140
141,BullyBot beat RandBot,BullyBot,RandBot,76,0,3,False,None,N/A,0,0,False,N/A,N/A,N/A,30141,20141
142,BullyBot beat RandBot,BullyBot,RandBot,75,0,3,False,None,N/A,0,0,False,N/A,N/A,N/A,30142,20142
143,RandBot beat BullyBot,RandBot,BullyBot,78,25,2,True,RandBot,35,0,0,False,N/A,N/A,N/A,30143,20143
144,BullyBot beat RandBot,BullyBot,RandBot,70,0,3,False,None,N/A,0,0,False,N/A,N/A,N/A,30144,20144
145,RandBot beat BullyBot,RandBot,BullyBot,76,0,3,False,None,N/A,0,0,False,N/A,N/A,N/A,30145,20145
146,RandBot beat BullyBot,RandBot,BullyBot,66,20,2,True,RandBot,25,0,0,False,N/A,N/A,N/A,30146,20146
147,RandBot beat BullyBot,RandBot,BullyBot,59,61,1,False,None,N/A,0,0,False,N/A,N/A,N/A,30147,20147
148,BullyBot beat RandBot,BullyBot,RandBot,65,12,2,True,RandBot,12,0,0,False,N/A,N/A,N/A,30148,20148
149,RandBot beat BullyBot,RandBot,BullyBot,64,56,1,False,None,N/A,0,0,False,N/A,N/A,N/A,30149,20149
150,RandBot beat BullyBot,RandBot,BullyBot,45,62,2,True,RandBot,21,0,0,False,N/A,N/A,N/A,30150,20150
151,BullyBot beat RandBot,BullyBot,RandBot,64,0,3,True,RandBot,0,0,0,False,N/A,N/A,N/A,30151,20151
152,RandBot beat BullyBot,RandBot,BullyBot,72,21,2,False,None,N/A,0,0,False,N/A,N/A,N/A,30152,20152
153,BullyBot beat RandBot,BullyBot,RandBot,74,28,2,False,None,N/A,0,0,False,N/A,N/A,N/A,30153,20153
154,BullyBot beat RandBot,BullyBot,RandBot,67,0,3,False,None,N/A,0,0,False,N/A,N/A,N/A,30154,20154
155,RandBot beat BullyBot,RandBot,BullyBot,76,64,1,False,None,N/A,0,0,False,N/A,N/A,N/A,30155,20155
156,RandBot beat BullyBot,RandBot,BullyBot,70,22,2,True,RandBot,40,0,0,False,N/A,N/A,N/A,30156,20156
157,RandBot beat BullyBot,RandBot,BullyBot,57,63,1,False,None,N/A,0,0,False,N/A,N/A,N/A,30157,20157
158,BullyBot beat RandBot,BullyBot,RandBot,67,26,2,False,None,N/A,0,0,False,N/A,N/A,N/A,30158,20158
159,RandBot beat BullyBot,RandBot,BullyBot,41,26,3,True,RandBot,0,0,0,False,N/A,N/A,N/A,30159,20159
160,BullyBot beat RandBot,BullyBot,RandBot,66,42,1,False,None,N/A,0,0,False,N/A,N/A,N/A,30160,20160
161,BullyBot beat RandBot,BullyBot,RandBot,76,30,2,False,None,N/A,0,0,False,N/A,N/A,N/A,30161,20161
162,RandBot beat BullyBot,RandBot,BullyBot,70,4,2,True,RandBot,57,0,0,False,N/A,N/A,N/A,30162,20162
163,RandBot beat BullyBot,RandBot,BullyBot,60,60,1,False,None,N/A,0,0,False,N/A,N/A,N/A,30163,20163
164,RandBot beat BullyBot,RandBot,BullyBot,69,45,1,False,None,N/A,0,0,False,N/A,N/A,N/A,30164,20164
165,BullyBot beat RandBot,BullyBot,RandBot,71,0,3,False,None,N/A,0,0,False,N/A,N/A,N/A,30165,20165
166,BullyBot beat RandBot,BullyBot,RandBot,73,27,2,False,None,N/A,0,0,False,N/A,N/A,N/A,30166,20166
167,BullyBot beat RandBot,BullyBot,RandBot,83,0,3,False,None,N/A,0,0,False,N/A,N/A,N/A,30167,20167
168,RandBot beat BullyBot,RandBot,BullyBot,75,46,1,False,None,N/A,0,0,False,N/A,N/A,N/A,30168,20168
169,RandBot beat BullyBot,RandBot,BullyBot,70,19,2,False,None,N/A,0,0,False,N/A,N/A,N/A,30169,20169
170,BullyBot beat RandBot,BullyBot,RandBot,73,21,2,False,None,N/A,0,0,False,N/A,N/A,N/A,30170,20170
171,RandBot beat BullyBot,RandBot,BullyBot,38,21,3,True,RandBot,0,0,0,False,N/A,N/A,N/A,30171,20171
172,RandBot beat BullyBot,RandBot,BullyBot,69,13,3,True,RandBot,41,0,0,False,N/A,N/A,N/A,30172,20172
173,BullyBot beat RandBot,BullyBot,RandBot,77,0,3,False,None,N/A,0,0,False,N/A,N/A,N/A,30173,20173
174,RandBot beat BullyBot,RandBot,BullyBot,68,35,1,False,None,N/A,0,0,False,N/A,N/A,N/A,30174,20174
175,BullyBot beat RandBot,BullyBot,RandBot,76,39,1,False,None,N/A,0,0,False,N/A,N/A,N/A,30175,20175
176,RandBot beat BullyBot,RandBot,BullyBot,64,56,1,False,None,N/A,0,0,False,N/A,N/A,N/A,30176,20176
177,RandBot beat BullyBot,RandBot,BullyBot,69,47,1,False,None,N/A,0,0,False,N/A,N/A,N/A,30177,20177
178,RandBot beat BullyBot,RandBot,BullyBot,75,26,2,False,None,N/A,0,0,False,N/A,N/A,N/A,30178,20178
179,RandBot beat BullyBot,RandBot,BullyBot,69,31,2,True,RandBot,26,0,0,False,N/A,N/A,N/A,30179,20179
180,RandBot beat BullyBot,RandBot,BullyBot,73,47,1,False,None,N/A,0,0,False,N/A,N/A,N/A,30180,20180
181,RandBot beat BullyBot,RandBot,BullyBot,69,22,2,True,RandBot,26,0,0,False,N/A,N/A,N/A,30181,20181
182,BullyBot beat RandBot,BullyBot,RandBot,73,0,3,False,None,N/A,0,0,False,N/A,N/A,N/A,30182,20182
183,BullyBot beat RandBot,BullyBot,RandBot,76,0,3,False,None,N/A,0,0,False,N/A,N/A,N/A,30183,20183
184,RandBot beat BullyBot,RandBot,BullyBot,66,42,1,False,None,N/A,0,0,False,N/A,N/A,N/A,30184,20184
185,RandBot beat BullyBot,RandBot,BullyBot,20,40,3,True,RandBot,0,0,0,False,N/A,N/A,N/A,30185,20185
186,RandBot beat BullyBot,RandBot,BullyBot,78,26,2,True,RandBot,35,0,0,False,N/A,N/A,N/A,30186,20186
187,RandBot beat BullyBot,RandBot,BullyBot,69,39,1,False,None,N/A,0,0,False,N/A,N/A,N/A,30187,20187
188,BullyBot beat RandBot,BullyBot,RandBot,67,0,3,False,None,N/A,0,0,False,N/A,N/A,N/A,30188,20188
189,RandBot beat BullyBot,RandBot,BullyBot,69,47,1,False,None,N/A,0,0,False,N/A,N/A,N/A,30189,20189
190,BullyBot beat RandBot,BullyBot,RandBot,75,0,3,False,None,N/A,0,0,False,N/A,N/A,N/A,30190,20190
191,RandBot beat BullyBot,RandBot,BullyBot,69,34,1,False,None,N/A,0,0,False,N/A,N/A,N/A,30191,20191
192,BullyBot beat RandBot,BullyBot,RandBot,74,0,3,False,None,N/A,0,0,False,N/A,N/A,N/A,30192,20192
193,RandBot beat BullyBot,RandBot,BullyBot,39,14,3,True,RandBot,0,0,0,False,N/A,N/A,N/A,30193,20193
194,BullyBot beat RandBot,BullyBot,RandBot,66,0,3,False,None,N/A,0,0,False,N/A,N/A,N/A,30194,20194
195,BullyBot beat RandBot,BullyBot,RandBot,68,22,2,False,None,N/A,0,0,False,N/A,N/A,N/A,30195,20195
196,RandBot beat BullyBot,RandBot,BullyBot,70,50,1,False,None,N/A,0,0,False,N/A,N/A,N/A,30196,20196
197,BullyBot beat RandBot,BullyBot,RandBot,69,51,1,False,None,N/A,0,0,False,N/A,N/A,N/A,30197,20197
198,RandBot beat BullyBot,RandBot,BullyBot,74,46,1,False,None,N/A,0,0,False,N/A,N/A,N/A,30198,20198
199,RandBot beat BullyBot,RandBot,BullyBot,69,58,1,False,None,N/A,0,0,False,N/A,N/A,N/A,30199,20199
200,BullyBot beat RandBot,BullyBot,RandBot,70,0,3,False,None,N/A,0,0,False,N/A,N/A,N/A,30200,20200
201,RandBot beat BullyBot,RandBot,BullyBot,65,55,1,False,None,N/A,0,0,False,N/A,N/A,N/A,30201,20201
202,RandBot beat BullyBot,RandBot,BullyBot,60,60,1,False,None,N/A,0,0,False,N/A,N/A,N/A,30202,20202
203,RandBot beat BullyBot,RandBot,BullyBot,69,26,2,False,None,N/A,0,0,False,N/A,N/A,N/A,30203,20203
204,BullyBot beat RandBot,BullyBot,RandBot,67,0,3,False,None,N/A,0,0,False,N/A,N/A,N/A,30204,20204
205,RandBot beat BullyBot,RandBot,BullyBot,68,52,1,False,None,N/A,0,0,False,N/A,N/A,N/A,30205,20205
206,RandBot beat BullyBot,RandBot,BullyBot,59,61,1,False,None,N/A,0,0,False,N/A,N/A,N/A,30206,20206
207,BullyBot beat RandBot,BullyBot,RandBot,76,13,2,False,None,N/A,0,0,False,N/A,N/A,N/A,30207,20207
208,BullyBot beat RandBot,BullyBot,RandBot,67,28,2,False,None,N/A,0,0,False,N/A,N/A,N/A,30208,20208
209,RandBot beat BullyBot,RandBot,BullyBot,67,0,3,False,None,N/A,0,0,False,N/A,N/A,N/A,30209,20209
210,BullyBot beat RandBot,BullyBot,RandBot,70,33,1,False,None,N/A,0,0,False,N/A,N/A,N/A,30210,20210
211,RandBot beat BullyBot,RandBot,BullyBot,62,14,3,True,RandBot,14,0,0,False,N/A,N/A,N/A,30211,20211
212,RandBot beat BullyBot,RandBot,BullyBot,69,34,1,False,None,N/A,0,0,False,N/A,N/A,N/A,30212,20212
213,BullyBot beat RandBot,BullyBot,RandBot,68,33,1,False,None,N/A,0,0,False,N/A,N/A,N/A,30213,20213
214,RandBot beat BullyBot,RandBot,BullyBot,67,41,1,False,None,N/A,0,0,False,N/A,N/A,N/A,30214,20214
215,BullyBot beat RandBot,BullyBot,RandBot,68,0,3,False,None,N/A,0,0,False,N/A,N/A,N/A,30215,20215
216,BullyBot beat RandBot,BullyBot,RandBot,68,15,2,False,None,N/A,0,0,False,N/A,N/A,N/A,30216,20216
217,BullyBot beat RandBot,BullyBot,RandBot,73,15,2,False,None,N/A,0,0,False,N/A,N/A,N/A,30217,20217
218,RandBot beat BullyBot,RandBot,BullyBot,70,45,1,False,None,N/A,0,0,False,N/A,N/A,N/A,30218,20218
219,BullyBot beat RandBot,BullyBot,RandBot,75,0,3,False,None,N/A,0,0,False,N/A,N/A,N/A,30219,20219
220,BullyBot beat RandBot,BullyBot,RandBot,72,0,3,False,None,N/A,0,0,False,N/A,N/A,N/A,30220,20220
221,BullyBot beat RandBot,BullyBot,RandBot,66,54,1,False,None,N/A,0,0,False,N/A,N/A,N/A,30221,20221
222,RandBot beat BullyBot,RandBot,BullyBot,73,41,1,False,None,N/A,0,0,False,N/A,N/A,N/A,30222,20222
223,RandBot beat BullyBot,RandBot,BullyBot,74,63,1,False,None,N/A,0,0,False,N/A,N/A,N/A,30223,20223
224,RandBot beat BullyBot,RandBot,BullyBot,65,55,1,False,None,N/A,0,0,False,N/A,N/A,N/A,30224,20224
225,BullyBot beat RandBot,BullyBot,RandBot,67,0,3,False,None,N/A,0,0,False,N/A,N/A,N/A,30225,20225
226,RandBot beat BullyBot,RandBot,BullyBot,59,61,1,False,None,N/A,0,0,False,N/A,N/A,N/A,30226,20226
227,BullyBot beat RandBot,BullyBot,RandBot,67,0,3,False,None,N/A,0,0,False,N/A,N/A,N/A,30227,20227
228,RandBot beat BullyBot,RandBot,BullyBot,72,19,2,True,RandBot,13,0,0,False,N/A,N/A,N/A,30228,20228
229,BullyBot beat RandBot,BullyBot,RandBot,66,0,3,False,None,N/A,0,0,False,N/A,N/A,N/A,30229,20229
230,BullyBot beat RandBot,BullyBot,RandBot,69,0,3,False,None,N/A,0,0,False,N/A,N/A,N/A,30230,20230
231,BullyBot beat RandBot,BullyBot,RandBot,73,55,1,False,None,N/A,0,0,False,N/A,N/A,N/A,30231,20231
232,BullyBot beat RandBot,BullyBot,RandBot,73,0,3,False,None,N/A,0,0,False,N/A,N/A,N/A,30232,20232
233,RandBot beat BullyBot,RandBot,BullyBot,75,34,1,False,None,N/A,0,0,False,N/A,N/A,N/A,30233,20233
234,RandBot beat BullyBot,RandBot,BullyBot,61,59,1,False,None,N/A,0,0,False,N/A,N/A,N/A,30234,20234
235,BullyBot beat RandBot,BullyBot,RandBot,40,34,3,True,RandBot,0,0,0,False,N/A,N/A,N/A,30235,20235
236,BullyBot beat RandBot,BullyBot,RandBot,62,0,2,True,RandBot,6,0,0,False,N/A,N/A,N/A,30236,20236
237,RandBot beat BullyBot,RandBot,BullyBot,68,21,2,True,RandBot,14,0,0,False,N/A,N/A,N/A,30237,20237
238,RandBot beat BullyBot,RandBot,BullyBot,71,49,1,False,None,N/A,0,0,False,N/A,N/A,N/A,30238,20238
239,RandBot beat BullyBot,RandBot,BullyBot,64,56,1,False,None,N/A,0,0,False,N/A,N/A,N/A,30239,20239
240,RandBot beat BullyBot,RandBot,BullyBot,67,53,1,False,None,N/A,0,0,False,N/A,N/A,N/A,30240,20240
241,RandBot beat BullyBot,RandBot,BullyBot,68,46,1,False,None,N/A,0,0,False,N/A,N/A,N/A,30241,20241
242,RandBot beat BullyBot,RandBot,BullyBot,68,39,1,False,None,N/A,0,0,False,N/A,N/A,N/A,30242,20242
243,RandBot beat BullyBot,RandBot,BullyBot,49,21,3,True,RandBot,0,0,0,False,N/A,N/A,N/A,30243,20243
244,RandBot beat BullyBot,RandBot,BullyBot,74,13,2,False,None,N/A,0,0,False,N/A,N/A,N/A,30244,20244
245,RandBot beat BullyBot,RandBot,BullyBot,26,34,3,True,RandBot,0,0,0,False,N/A,N/A,N/A,30245,20245
246,BullyBot beat RandBot,BullyBot,RandBot,67,32,2,False,None,N/A,0,0,False,N/A,N/A,N/A,30246,20246
247,BullyBot beat RandBot,BullyBot,RandBot,69,0,3,True,RandBot,0,0,0,False,N/A,N/A,N/A,30247,20247
248,RandBot beat BullyBot,RandBot,BullyBot,77,19,2,False,None,N/A,0,0,False,N/A,N/A,N/A,30248,20248
249,BullyBot beat RandBot,BullyBot,RandBot,69,12,2,False,None,N/A,0,0,False,N/A,N/A,N/A,30249,20249
250,BullyBot beat RandBot,BullyBot,RandBot,68,0,3,False,None,N/A,0,0,False,N/A,N/A,N/A,30250,20250
251,BullyBot beat RandBot,BullyBot,RandBot,60,60,1,False,None,N/A,0,0,False,N/A,N/A,N/A,30251,20251
252,RandBot beat BullyBot,RandBot,BullyBot,69,39,1,False,None,N/A,0,0,False,N/A,N/A,N/A,30252,20252
253,RandBot beat BullyBot,RandBot,BullyBot,67,49,1,False,None,N/A,0,0,False,N/A,N/A,N/A,30253,20253
254,BullyBot beat RandBot,BullyBot,RandBot,69,27,2,False,None,N/A,0,0,False,N/A,N/A,N/A,30254,20254
255,RandBot beat BullyBot,RandBot,BullyBot,67,53,1,False,None,N/A,0,0,False,N/A,N/A,N/A,30255,20255
256,RandBot beat BullyBot,RandBot,BullyBot,68,34,1,False,None,N/A,0,0,False,N/A,N/A,N/A,30256,20256
257,RandBot beat BullyBot,RandBot,BullyBot,75,13,2,False,None,N/A,0,0,False,N/A,N/A,N/A,30257,20257
258,BullyBot beat RandBot,BullyBot,RandBot,71,49,1,False,None,N/A,0,0,False,N/A,N/A,N/A,30258,20258
259,BullyBot beat RandBot,BullyBot,RandBot,84,0,3,False,None,N/A,0,0,False,N/A,N/A,N/A,30259,20259
260,BullyBot beat RandBot,BullyBot,RandBot,68,0,3,False,None,N/A,0,0,False,N/A,N/A,N/A,30260,20260
261,RandBot beat BullyBot,RandBot,BullyBot,46,43,2,True,RandBot,14,0,0,False,N/A,N/A,N/A,30261,20261
262,RandBot beat BullyBot,RandBot,BullyBot,71,20,2,True,RandBot,57,0,0,False,N/A,N/A,N/A,30262,20262
263,BullyBot beat RandBot,BullyBot,RandBot,0,0,3,True,RandBot,14,0,0,False,N/A,N/A,N/A,30263,20263
264,RandBot beat BullyBot,RandBot,BullyBot,77,39,1,False,None,N/A,0,0,False,N/A,N/A,N/A,30264,20264
265,RandBot beat BullyBot,RandBot,BullyBot,59,61,1,False,None,N/A,0,0,False,N/A,N/A,N/A,30265,20265
266,RandBot beat BullyBot,RandBot,BullyBot,68,32,2,False,None,N/A,0,0,False,N/A,N/A,N/A,30266,20266
267,RandBot beat BullyBot,RandBot,BullyBot,20,41,3,True,RandBot,0,0,0,False,N/A,N/A,N/A,30267,20267
268,BullyBot beat RandBot,BullyBot,RandBot,68,0,3,False,None,N/A,0,0,False,N/A,N/A,N/A,30268,20268
269,RandBot beat BullyBot,RandBot,BullyBot,71,49,1,False,None,N/A,0,0,False,N/A,N/A,N/A,30269,20269
270,RandBot beat BullyBot,RandBot,BullyBot,65,55,1,False,None,N/A,0,0,False,N/A,N/A,N/A,30270,20270
271,RandBot beat BullyBot,RandBot,BullyBot,43,33,3,True,RandBot,22,0,0,False,N/A,N/A,N/A,30271,20271
272,RandBot beat BullyBot,RandBot,BullyBot,76,24,2,True,RandBot,20,0,0,False,N/A,N/A,N/A,30272,20272
273,BullyBot beat RandBot,BullyBot,RandBot,0,0,3,True,RandBot,0,0,0,False,N/A,N/A,N/A,30273,20273
274,BullyBot beat RandBot,BullyBot,RandBot,66,0,3,False,None,N/A,0,0,False,N/A,N/A,N/A,30274,20274
275,RandBot beat BullyBot,RandBot,BullyBot,42,13,3,True,RandBot,0,0,0,False,N/A,N/A,N/A,30275,20275
276,BullyBot beat RandBot,BullyBot,RandBot,68,0,3,False,None,N/A,0,0,False,N/A,N/A,N/A,30276,20276
277,BullyBot beat RandBot,BullyBot,RandBot,66,0,3,False,None,N/A,0,0,False,N/A,N/A,N/A,30277,20277
278,BullyBot beat RandBot,BullyBot,RandBot,73,14,2,False,None,N/A,0,0,False,N/A,N/A,N/A,30278,20278
279,BullyBot beat RandBot,BullyBot,RandBot,69,0,3,False,None,N/A,0,0,False,N/A,N/A,N/A,30279,20279
280,BullyBot beat RandBot,BullyBot,RandBot,66,0,3,False,None,N/A,0,0,False,N/A,N/A,N/A,30280,20280
281,BullyBot beat RandBot,BullyBot,RandBot,67,15,2,False,None,N/A,0,0,False,N/A,N/A,N/A,30281,20281
282,BullyBot beat RandBot,BullyBot,RandBot,68,21,2,False,None,N/A,0,0,False,N/A,N/A,N/A,30282,20282
283,BullyBot beat RandBot,BullyBot,RandBot,67,15,2,False,None,N/A,0,0,False,N/A,N/A,N/A,30283,20283
284,RandBot beat BullyBot,RandBot,BullyBot,68,14,2,False,None,N/A,0,0,False,N/A,N/A,N/A,30284,20284
285,RandBot beat BullyBot,RandBot,BullyBot,47,17,3,True,RandBot,15,0,0,False,N/A,N/A,N/A,30285,20285
286,BullyBot beat RandBot,BullyBot,RandBot,51,0,2,True,RandBot,13,0,0,False,N/A,N/A,N/A,30286,20286
287,BullyBot beat RandBot,BullyBot,RandBot,68,0,3,False,None,N/A,0,0,False,N/A,N/A,N/A,30287,20287
288,BullyBot beat RandBot,BullyBot,RandBot,65,15,2,True,RandBot,15,0,0,False,N/A,N/A,N/A,30288,20288
289,BullyBot beat RandBot,BullyBot,RandBot,66,12,2,False,None,N/A,0,0,False,N/A,N/A,N/A,30289,20289
290,BullyBot beat RandBot,BullyBot,RandBot,69,13,2,False,None,N/A,0,0,False,N/A,N/A,N/A,30290,20290
291,RandBot beat BullyBot,RandBot,BullyBot,61,54,1,True,RandBot,20,0,0,False,N/A,N/A,N/A,30291,20291
292,RandBot beat BullyBot,RandBot,BullyBot,69,25,2,True,RandBot,26,0,0,False,N/A,N/A,N/A,30292,20292
293,BullyBot beat RandBot,BullyBot,RandBot,66,27,2,True,RandBot,27,0,0,False,N/A,N/A,N/A,30293,20293
294,BullyBot beat RandBot,BullyBot,RandBot,69,14,2,False,None,N/A,0,0,False,N/A,N/A,N/A,30294,20294
295,BullyBot beat RandBot,BullyBot,RandBot,68,21,2,False,None,N/A,0,0,False,N/A,N/A,N/A,30295,20295
296,RandBot beat BullyBot,RandBot,BullyBot,67,53,1,False,None,N/A,0,0,False,N/A,N/A,N/A,30296,20296
297,RandBot beat BullyBot,RandBot,BullyBot,75,41,2,True,RandBot,54,0,0,False,N/A,N/A,N/A,30297,20297
298,BullyBot beat RandBot,BullyBot,RandBot,67,0,3,False,None,N/A,0,0,False,N/A,N/A,N/A,30298,20298
299,RandBot beat BullyBot,RandBot,BullyBot,74,27,2,False,None,N/A,0,0,False,N/A,N/A,N/A,30299,20299
300,RandBot beat BullyBot,RandBot,BullyBot,66,27,2,False,None,N/A,0,0,False,N/A,N/A,N/A,30300,20300
301,BullyBot beat RandBot,BullyBot,RandBot,58,0,3,True,RandBot,0,0,0,False,N/A,N/A,N/A,30301,20301
302,BullyBot beat RandBot,BullyBot,RandBot,57,48,2,True,RandBot,48,0,0,False,N/A,N/A,N/A,30302,20302
303,RandBot beat BullyBot,RandBot,BullyBot,59,13,3,True,RandBot,0,0,0,False,N/A,N/A,N/A,30303,20303
304,BullyBot beat RandBot,BullyBot,RandBot,69,27,2,False,None,N/A,0,0,False,N/A,N/A,N/A,30304,20304
305,RandBot beat BullyBot,RandBot,BullyBot,65,55,1,False,None,N/A,0,0,False,N/A,N/A,N/A,30305,20305
306,RandBot beat BullyBot,RandBot,BullyBot,33,61,1,True,RandBot,15,0,0,False,N/A,N/A,N/A,30306,20306
307,RandBot beat BullyBot,RandBot,BullyBot,69,45,1,False,None,N/A,0,0,False,N/A,N/A,N/A,30307,20307
308,RandBot beat BullyBot,RandBot,BullyBot,67,39,1,False,None,N/A,0,0,False,N/A,N/A,N/A,30308,20308
309,RandBot beat BullyBot,RandBot,BullyBot,61,59,1,False,None,N/A,0,0,False,N/A,N/A,N/A,30309,20309
310,RandBot beat BullyBot,RandBot,BullyBot,58,62,1,False,None,N/A,0,0,False,N/A,N/A,N/A,30310,20310
311,RandBot beat BullyBot,RandBot,BullyBot,32,13,3,True,RandBot,0,0,0,False,N/A,N/A,N/A,30311,20311
312,RandBot beat BullyBot,RandBot,BullyBot,56,64,1,False,None,N/A,0,0,False,N/A,N/A,N/A,30312,20312
313,RandBot beat BullyBot,RandBot,BullyBot,55,21,3,True,RandBot,7,0,0,False,N/A,N/A,N/A,30313,20313
314,BullyBot beat RandBot,BullyBot,RandBot,70,0,3,False,None,N/A,0,0,False,N/A,N/A,N/A,30314,20314
315,BullyBot beat RandBot,BullyBot,RandBot,69,0,3,False,None,N/A,0,0,False,N/A,N/A,N/A,30315,20315
316,BullyBot beat RandBot,BullyBot,RandBot,66,0,3,False,None,N/A,0,0,False,N/A,N/A,N/A,30316,20316
317,RandBot beat BullyBot,RandBot,BullyBot,67,40,1,False,None,N/A,0,0,False,N/A,N/A,N/A,30317,20317
318,RandBot beat BullyBot,RandBot,BullyBot,68,15,2,False,None,N/A,0,0,False,N/A,N/A,N/A,30318,20318
319,BullyBot beat RandBot,BullyBot,RandBot,75,0,3,False,None,N/A,0,0,False,N/A,N/A,N/A,30319,20319
320,BullyBot beat RandBot,BullyBot,RandBot,74,0,3,False,None,N/A,0,0,False,N/A,N/A,N/A,30320,20320
321,RandBot beat BullyBot,RandBot,BullyBot,66,54,1,False,None,N/A,0,0,False,N/A,N/A,N/A,30321,20321
322,BullyBot beat RandBot,BullyBot,RandBot,69,0,3,False,None,N/A,0,0,False,N/A,N/A,N/A,30322,20322
323,BullyBot beat RandBot,BullyBot,RandBot,75,0,3,False,None,N/A,0,0,False,N/A,N/A,N/A,30323,20323
324,RandBot beat BullyBot,RandBot,BullyBot,70,33,1,False,None,N/A,0,0,False,N/A,N/A,N/A,30324,20324
325,BullyBot beat RandBot,BullyBot,RandBot,82,14,2,False,None,N/A,0,0,False,N/A,N/A,N/A,30325,20325
326,BullyBot beat RandBot,BullyBot,RandBot,67,14,2,False,None,N/A,0,0,False,N/A,N/A,N/A,30326,20326
327,BullyBot beat RandBot,BullyBot,RandBot,67,35,1,False,None,N/A,0,0,False,N/A,N/A,N/A,30327,20327
328,BullyBot beat RandBot,BullyBot,RandBot,67,40,1,False,None,N/A,0,0,False,N/A,N/A,N/A,30328,20328
329,BullyBot beat RandBot,BullyBot,RandBot,66,61,2,True,RandBot,47,0,0,False,N/A,N/A,N/A,30329,20329
330,BullyBot beat RandBot,BullyBot,RandBot,70,34,1,False,None,N/A,0,0,False,N/A,N/A,N/A,30330,20330
331,RandBot beat BullyBot,RandBot,BullyBot,110,0,3,True,RandBot,55,0,0,False,N/A,N/A,N/A,30331,20331
332,BullyBot beat RandBot,BullyBot,RandBot,66,0,3,False,None,N/A,0,0,False,N/A,N/A,N/A,30332,20332
333,RandBot beat BullyBot,RandBot,BullyBot,59,61,1,False,None,N/A,0,0,False,N/A,N/A,N/A,30333,20333
334,BullyBot beat RandBot,BullyBot,RandBot,67,20,2,False,None,N/A,0,0,False,N/A,N/A,N/A,30334,20334
335,RandBot beat BullyBot,RandBot,BullyBot,19,41,3,True,RandBot,0,0,0,False,N/A,N/A,N/A,30335,20335
336,RandBot beat BullyBot,RandBot,BullyBot,74,28,2,False,None,N/A,0,0,False,N/A,N/A,N/A,30336,20336
337,BullyBot beat RandBot,BullyBot,RandBot,75,0,3,False,None,N/A,0,0,False,N/A,N/A,N/A,30337,20337
338,RandBot beat BullyBot,RandBot,BullyBot,68,52,1,False,None,N/A,0,0,False,N/A,N/A,N/A,30338,20338
339,BullyBot beat RandBot,BullyBot,RandBot,71,21,2,False,None,N/A,0,0,False,N/A,N/A,N/A,30339,20339
340,RandBot beat BullyBot,RandBot,BullyBot,73,47,1,False,None,N/A,0,0,False,N/A,N/A,N/A,30340,20340
341,BullyBot beat RandBot,BullyBot,RandBot,74,0,3,False,None,N/A,0,0,False,N/A,N/A,N/A,30341,20341
342,RandBot beat BullyBot,RandBot,BullyBot,56,64,1,False,None,N/A,0,0,False,N/A,N/A,N/A,30342,20342
343,BullyBot beat RandBot,BullyBot,RandBot,77,0,3,False,None,N/A,0,0,False,N/A,N/A,N/A,30343,20343
344,RandBot beat BullyBot,RandBot,BullyBot,66,0,3,False,None,N/A,0,0,False,N/A,N/A,N/A,30344,20344
345,RandBot beat BullyBot,RandBot,BullyBot,76,0,3,False,None,N/A,0,0,False,N/A,N/A,N/A,30345,20345
346,RandBot beat BullyBot,RandBot,BullyBot,70,38,1,False,None,N/A,0,0,False,N/A,N/A,N/A,30346,20346
347,BullyBot beat RandBot,BullyBot,RandBot,54,0,3,True,RandBot,0,0,0,False,N/A,N/A,N/A,30347,20347
348,BullyBot beat RandBot,BullyBot,RandBot,68,0,3,False,None,N/A,0,0,False,N/A,N/A,N/A,30348,20348
349,BullyBot beat RandBot,BullyBot,RandBot,73,0,3,False,None,N/A,0,0,False,N/A,N/A,N/A,30349,20349
350,BullyBot beat RandBot,BullyBot,RandBot,77,0,3,False,None,N/A,0,0,False,N/A,N/A,N/A,30350,20350
351,RandBot beat BullyBot,RandBot,BullyBot,71,0,3,False,None,N/A,0,0,False,N/A,N/A,N/A,30351,20351
352,RandBot beat BullyBot,RandBot,BullyBot,66,13,3,True,RandBot,38,0,0,False,N/A,N/A,N/A,30352,20352
353,RandBot beat BullyBot,RandBot,BullyBot,59,61,1,False,None,N/A,0,0,False,N/A,N/A,N/A,30353,20353
354,RandBot beat BullyBot,RandBot,BullyBot,67,29,2,False,None,N/A,0,0,False,N/A,N/A,N/A,30354,20354
355,BullyBot beat RandBot,BullyBot,RandBot,78,0,3,False,None,N/A,0,0,False,N/A,N/A,N/A,30355,20355
356,RandBot beat BullyBot,RandBot,BullyBot,69,33,1,False,None,N/A,0,0,False,N/A,N/A,N/A,30356,20356
357,BullyBot beat RandBot,BullyBot,RandBot,77,0,3,False,None,N/A,0,0,False,N/A,N/A,N/A,30357,20357
358,RandBot beat BullyBot,RandBot,BullyBot,75,32,2,False,None,N/A,0,0,False,N/A,N/A,N/A,30358,20358
359,BullyBot beat RandBot,BullyBot,RandBot,66,35,1,False,None,N/A,0,0,False,N/A,N/A,N/A,30359,20359
360,BullyBot beat RandBot,BullyBot,RandBot,68,0,3,False,None,N/A,0,0,False,N/A,N/A,N/A,30360,20360
361,BullyBot beat RandBot,BullyBot,RandBot,68,0,3,False,None,N/A,0,0,False,N/A,N/A,N/A,30361,20361
362,BullyBot beat RandBot,BullyBot,RandBot,67,8,2,False,None,N/A,0,0,False,N/A,N/A,N/A,30362,20362
363,RandBot beat BullyBot,RandBot,BullyBot,77,38,2,True,RandBot,41,0,0,False,N/A,N/A,N/A,30363,20363
364,BullyBot beat RandBot,BullyBot,RandBot,69,0,3,False,None,N/A,0,0,False,N/A,N/A,N/A,30364,20364
365,RandBot beat BullyBot,RandBot,BullyBot,38,19,3,True,RandBot,0,0,0,False,N/A,N/A,N/A,30365,20365
366,BullyBot beat RandBot,BullyBot,RandBot,69,0,3,False,None,N/A,0,0,False,N/A,N/A,N/A,30366,20366
367,BullyBot beat RandBot,BullyBot,RandBot,54,15,3,True,RandBot,0,0,0,False,N/A,N/A,N/A,30367,20367
368,BullyBot beat RandBot,BullyBot,RandBot,76,0,3,False,None,N/A,0,0,False,N/A,N/A,N/A,30368,20368
369,BullyBot beat RandBot,BullyBot,RandBot,68,34,1,False,None,N/A,0,0,False,N/A,N/A,N/A,30369,20369
370,BullyBot beat RandBot,BullyBot,RandBot,67,14,2,False,None,N/A,0,0,False,N/A,N/A,N/A,30370,20370
371,RandBot beat BullyBot,RandBot,BullyBot,69,46,1,False,None,N/A,0,0,False,N/A,N/A,N/A,30371,20371
372,RandBot beat BullyBot,RandBot,BullyBot,68,60,1,False,None,N/A,0,0,False,N/A,N/A,N/A,30372,20372
373,RandBot beat BullyBot,RandBot,BullyBot,72,0,3,False,None,N/A,0,0,False,N/A,N/A,N/A,30373,20373
374,BullyBot beat RandBot,BullyBot,RandBot,74,0,3,False,None,N/A,0,0,False,N/A,N/A,N/A,30374,20374
375,BullyBot beat RandBot,BullyBot,RandBot,69,51,1,False,None,N/A,0,0,False,N/A,N/A,N/A,30375,20375
376,BullyBot beat RandBot,BullyBot,RandBot,70,0,3,False,None,N/A,0,0,False,N/A,N/A,N/A,30376,20376
377,RandBot beat BullyBot,RandBot,BullyBot,65,28,3,True,RandBot,0,0,0,False,N/A,N/A,N/A,30377,20377
378,RandBot beat BullyBot,RandBot,BullyBot,71,64,1,False,None,N/A,0,0,False,N/A,N/A,N/A,30378,20378
379,RandBot beat BullyBot,RandBot,BullyBot,59,61,1,False,None,N/A,0,0,False,N/A,N/A,N/A,30379,20379
380,BullyBot beat RandBot,BullyBot,RandBot,66,46,1,False,None,N/A,0,0,False,N/A,N/A,N/A,30380,20380
381,RandBot beat BullyBot,RandBot,BullyBot,68,19,2,True,RandBot,28,0,0,False,N/A,N/A,N/A,30381,20381
382,BullyBot beat RandBot,BullyBot,RandBot,79,34,1,False,None,N/A,0,0,False,N/A,N/A,N/A,30382,20382
383,BullyBot beat RandBot,BullyBot,RandBot,70,0,3,False,None,N/A,0,0,False,N/A,N/A,N/A,30383,20383
384,BullyBot beat RandBot,BullyBot,RandBot,68,33,1,False,None,N/A,0,0,False,N/A,N/A,N/A,30384,20384
385,BullyBot beat RandBot,BullyBot,RandBot,67,0,3,False,None,N/A,0,0,False,N/A,N/A,N/A,30385,20385
386,BullyBot beat RandBot,BullyBot,RandBot,65,55,1,False,None,N/A,0,0,False,N/A,N/A,N/A,30386,20386
387,RandBot beat BullyBot,RandBot,BullyBot,63,57,1,False,None,N/A,0,0,False,N/A,N/A,N/A,30387,20387
388,BullyBot beat RandBot,BullyBot,RandBot,67,21,2,False,None,N/A,0,0,False,N/A,N/A,N/A,30388,20388
389,RandBot beat BullyBot,RandBot,BullyBot,73,33,1,False,None,N/A,0,0,False,N/A,N/A,N/A,30389,20389
390,BullyBot beat RandBot,BullyBot,RandBot,74,0,3,False,None,N/A,0,0,False,N/A,N/A,N/A,30390,20390
391,RandBot beat BullyBot,RandBot,BullyBot,74,46,1,False,None,N/A,0,0,False,N/A,N/A,N/A,30391,20391
392,RandBot beat BullyBot,RandBot,BullyBot,69,47,1,False,None,N/A,0,0,False,N/A,N/A,N/A,30392,20392
393,RandBot beat BullyBot,RandBot,BullyBot,59,61,1,False,None,N/A,0,0,False,N/A,N/A,N/A,30393,20393
394,RandBot beat BullyBot,RandBot,BullyBot,66,54,1,False,None,N/A,0,0,False,N/A,N/A,N/A,30394,20394
395,RandBot beat BullyBot,RandBot,BullyBot,66,54,1,False,None,N/A,0,0,False,N/A,N/A,N/A,30395,20395
396,RandBot beat BullyBot,RandBot,BullyBot,80,62,1,False,None,N/A,0,0,False,N/A,N/A,N/A,30396,20396
397,RandBot beat BullyBot,RandBot,BullyBot,67,53,1,False,None,N/A,0,0,False,N/A,N/A,N/A,30397,20397
398,BullyBot beat RandBot,BullyBot,RandBot,66,35,1,False,None,N/A,0,0,False,N/A,N/A,N/A,30398,20398
399,BullyBot beat RandBot,BullyBot,RandBot,76,20,2,False,None,N/A,0,0,False,N/A,N/A,N/A,30399,20399
400,RandBot beat BullyBot,RandBot,BullyBot,39,31,3,True,RandBot,13,0,0,False,N/A,N/A,N/A,30400,20400
401,RandBot beat BullyBot,RandBot,BullyBot,60,20,3,True,RandBot,28,0,0,False,N/A,N/A,N/A,30401,20401
402,RandBot beat BullyBot,RandBot,BullyBot,57,63,1,False,None,N/A,0,0,False,N/A,N/A,N/A,30402,20402
403,BullyBot beat RandBot,BullyBot,RandBot,67,0,3,False,None,N/A,0,0,False,N/A,N/A,N/A,30403,20403
404,RandBot beat BullyBot,RandBot,BullyBot,60,60,1,False,None,N/A,0,0,False,N/A,N/A,N/A,30404,20404
405,BullyBot beat RandBot,BullyBot,RandBot,76,6,2,False,None,N/A,0,0,False,N/A,N/A,N/A,30405,20405
406,RandBot beat BullyBot,RandBot,BullyBot,58,62,1,False,None,N/A,0,0,False,N/A,N/A,N/A,30406,20406
407,BullyBot beat RandBot,BullyBot,RandBot,71,21,2,False,None,N/A,0,0,False,N/A,N/A,N/A,30407,20407
408,RandBot beat BullyBot,RandBot,BullyBot,69,51,1,False,None,N/A,0,0,False,N/A,N/A,N/A,30408,20408
409,RandBot beat BullyBot,RandBot,BullyBot,77,0,3,True,RandBot,35,0,0,False,N/A,N/A,N/A,30409,20409
410,RandBot beat BullyBot,RandBot,BullyBot,69,7,2,False,None,N/A,0,0,False,N/A,N/A,N/A,30410,20410
411,RandBot beat BullyBot,RandBot,BullyBot,63,57,1,False,None,N/A,0,0,False,N/A,N/A,N/A,30411,20411
412,BullyBot beat RandBot,BullyBot,RandBot,82,0,3,False,None,N/A,0,0,False,N/A,N/A,N/A,30412,20412
413,RandBot beat BullyBot,RandBot,BullyBot,71,21,2,False,None,N/A,0,0,False,N/A,N/A,N/A,30413,20413
414,BullyBot beat RandBot,BullyBot,RandBot,69,19,2,False,None,N/A,0,0,False,N/A,N/A,N/A,30414,20414
415,BullyBot beat RandBot,BullyBot,RandBot,77,0,3,False,None,N/A,0,0,False,N/A,N/A,N/A,30415,20415
416,RandBot beat BullyBot,RandBot,BullyBot,68,52,1,False,None,N/A,0,0,False,N/A,N/A,N/A,30416,20416
417,BullyBot beat RandBot,BullyBot,RandBot,67,0,3,False,None,N/A,0,0,False,N/A,N/A,N/A,30417,20417
418,BullyBot beat RandBot,BullyBot,RandBot,77,0,3,False,None,N/A,0,0,False,N/A,N/A,N/A,30418,20418
419,RandBot beat BullyBot,RandBot,BullyBot,74,46,1,False,None,N/A,0,0,False,N/A,N/A,N/A,30419,20419
420,BullyBot beat RandBot,BullyBot,RandBot,67,33,1,False,None,N/A,0,0,False,N/A,N/A,N/A,30420,20420
421,BullyBot beat RandBot,BullyBot,RandBot,75,0,3,False,None,N/A,0,0,False,N/A,N/A,N/A,30421,20421
422,RandBot beat BullyBot,RandBot,BullyBot,65,55,1,False,None,N/A,0,0,False,N/A,N/A,N/A,30422,20422
423,RandBot beat BullyBot,RandBot,BullyBot,72,42,1,False,None,N/A,0,0,False,N/A,N/A,N/A,30423,20423
424,RandBot beat BullyBot,RandBot,BullyBot,68,27,2,True,RandBot,34,0,0,False,N/A,N/A,N/A,30424,20424
425,RandBot beat BullyBot,RandBot,BullyBot,67,0,3,True,RandBot,0,0,0,False,N/A,N/A,N/A,30425,20425
426,RandBot beat BullyBot,RandBot,BullyBot,66,29,2,True,RandBot,20,0,0,False,N/A,N/A,N/A,30426,20426
427,RandBot beat BullyBot,RandBot,BullyBot,64,56,1,False,None,N/A,0,0,False,N/A,N/A,N/A,30427,20427
428,BullyBot beat RandBot,BullyBot,RandBot,57,63,1,False,None,N/A,0,0,False,N/A,N/A,N/A,30428,20428
429,BullyBot beat RandBot,BullyBot,RandBot,74,0,3,False,None,N/A,0,0,False,N/A,N/A,N/A,30429,20429
430,BullyBot beat RandBot,BullyBot,RandBot,67,33,1,False,None,N/A,0,0,False,N/A,N/A,N/A,30430,20430
431,RandBot beat BullyBot,RandBot,BullyBot,76,17,2,False,None,N/A,0,0,False,N/A,N/A,N/A,30431,20431
432,RandBot beat BullyBot,RandBot,BullyBot,69,51,1,False,None,N/A,0,0,False,N/A,N/A,N/A,30432,20432
433,RandBot beat BullyBot,RandBot,BullyBot,27,42,3,True,RandBot,0,0,0,False,N/A,N/A,N/A,30433,20433
434,RandBot beat BullyBot,RandBot,BullyBot,67,40,1,False,None,N/A,0,0,False,N/A,N/A,N/A,30434,20434
435,RandBot beat BullyBot,RandBot,BullyBot,67,47,1,False,None,N/A,0,0,False,N/A,N/A,N/A,30435,20435
436,RandBot beat BullyBot,RandBot,BullyBot,67,19,2,True,RandBot,14,0,0,False,N/A,N/A,N/A,30436,20436
437,RandBot beat BullyBot,RandBot,BullyBot,76,45,1,False,None,N/A,0,0,False,N/A,N/A,N/A,30437,20437
438,BullyBot beat RandBot,BullyBot,RandBot,66,0,3,False,None,N/A,0,0,False,N/A,N/A,N/A,30438,20438
439,BullyBot beat RandBot,BullyBot,RandBot,77,0,3,False,None,N/A,0,0,False,N/A,N/A,N/A,30439,20439
440,BullyBot beat RandBot,BullyBot,RandBot,66,0,3,False,None,N/A,0,0,False,N/A,N/A,N/A,30440,20440
441,BullyBot beat RandBot,BullyBot,RandBot,67,36,1,False,None,N/A,0,0,False,N/A,N/A,N/A,30441,20441
442,RandBot beat BullyBot,RandBot,BullyBot,68,4,2,True,RandBot,42,0,0,False,N/A,N/A,N/A,30442,20442
443,BullyBot beat RandBot,BullyBot,RandBot,77,0,3,False,None,N/A,0,0,False,N/A,N/A,N/A,30443,20443
444,BullyBot beat RandBot,BullyBot,RandBot,71,36,1,False,None,N/A,0,0,False,N/A,N/A,N/A,30444,20444
445,BullyBot beat RandBot,BullyBot,RandBot,67,21,2,True,RandBot,21,0,0,False,N/A,N/A,N/A,30445,20445
446,RandBot beat BullyBot,RandBot,BullyBot,66,54,1,False,None,N/A,0,0,False,N/A,N/A,N/A,30446,20446
447,RandBot beat BullyBot,RandBot,BullyBot,70,46,1,False,None,N/A,0,0,False,N/A,N/A,N/A,30447,20447
448,RandBot beat BullyBot,RandBot,BullyBot,61,59,1,False,None,N/A,0,0,False,N/A,N/A,N/A,30448,20448
449,RandBot beat BullyBot,RandBot,BullyBot,68,21,2,False,None,N/A,0,0,False,N/A,N/A,N/A,30449,20449
450,BullyBot beat RandBot,BullyBot,RandBot,53,27,2,True,RandBot,12,0,0,False,N/A,N/A,N/A,30450,20450
451,RandBot beat BullyBot,RandBot,BullyBot,47,15,3,True,RandBot,0,0,0,False,N/A,N/A,N/A,30451,20451
452,BullyBot beat RandBot,BullyBot,RandBot,67,0,3,False,None,N/A,0,0,False,N/A,N/A,N/A,30452,20452
453,BullyBot beat RandBot,BullyBot,RandBot,73,0,3,False,None,N/A,0,0,False,N/A,N/A,N/A,30453,20453
454,BullyBot beat RandBot,BullyBot,RandBot,72,0,3,False,None,N/A,0,0,False,N/A,N/A,N/A,30454,20454
455,BullyBot beat RandBot,BullyBot,RandBot,71,0,3,False,None,N/A,0,0,False,N/A,N/A,N/A,30455,20455
456,RandBot beat BullyBot,RandBot,BullyBot,74,46,1,False,None,N/A,0,0,False,N/A,N/A,N/A,30456,20456
457,BullyBot beat RandBot,BullyBot,RandBot,71,49,1,False,None,N/A,0,0,False,N/A,N/A,N/A,30457,20457
458,BullyBot beat RandBot,BullyBot,RandBot,67,40,1,False,None,N/A,0,0,False,N/A,N/A,N/A,30458,20458
459,RandBot beat BullyBot,RandBot,BullyBot,77,39,1,False,None,N/A,0,0,False,N/A,N/A,N/A,30459,20459
460,RandBot beat BullyBot,RandBot,BullyBot,59,48,1,True,RandBot,21,0,0,False,N/A,N/A,N/A,30460,20460
461,RandBot beat BullyBot,RandBot,BullyBot,70,13,2,False,None,N/A,0,0,False,N/A,N/A,N/A,30461,20461
462,BullyBot beat RandBot,BullyBot,RandBot,70,0,3,False,None,N/A,0,0,False,N/A,N/A,N/A,30462,20462
463,BullyBot beat RandBot,BullyBot,RandBot,62,53,2,True,RandBot,34,0,0,False,N/A,N/A,N/A,30463,20463
464,BullyBot beat RandBot,BullyBot,RandBot,69,0,3,False,None,N/A,0,0,False,N/A,N/A,N/A,30464,20464
465,RandBot beat BullyBot,RandBot,BullyBot,68,13,2,False,None,N/A,0,0,False,N/A,N/A,N/A,30465,20465
466,BullyBot beat RandBot,BullyBot,RandBot,77,22,2,False,None,N/A,0,0,False,N/A,N/A,N/A,30466,20466
467,BullyBot beat RandBot,BullyBot,RandBot,71,49,1,False,None,N/A,0,0,False,N/A,N/A,N/A,30467,20467
468,RandBot beat BullyBot,RandBot,BullyBot,70,45,1,False,None,N/A,0,0,False,N/A,N/A,N/A,30468,20468
469,BullyBot beat RandBot,BullyBot,RandBot,68,14,2,False,None,N/A,0,0,False,N/A,N/A,N/A,30469,20469
470,BullyBot beat RandBot,BullyBot,RandBot,74,0,3,False,None,N/A,0,0,False,N/A,N/A,N/A,30470,20470
471,BullyBot beat RandBot,BullyBot,RandBot,65,55,1,False,None,N/A,0,0,False,N/A,N/A,N/A,30471,20471
472,RandBot beat BullyBot,RandBot,BullyBot,75,45,1,False,None,N/A,0,0,False,N/A,N/A,N/A,30472,20472
473,RandBot beat BullyBot,RandBot,BullyBot,71,18,2,False,None,N/A,0,0,False,N/A,N/A,N/A,30473,20473
474,BullyBot beat RandBot,BullyBot,RandBot,59,33,2,True,RandBot,6,0,0,False,N/A,N/A,N/A,30474,20474
475,RandBot beat BullyBot,RandBot,BullyBot,78,21,3,True,RandBot,26,0,0,False,N/A,N/A,N/A,30475,20475
476,BullyBot beat RandBot,BullyBot,RandBot,68,0,3,False,None,N/A,0,0,False,N/A,N/A,N/A,30476,20476
477,BullyBot beat RandBot,BullyBot,RandBot,25,0,2,True,RandBot,14,0,0,False,N/A,N/A,N/A,30477,20477
478,BullyBot beat RandBot,BullyBot,RandBot,41,41,3,True,RandBot,28,0,0,False,N/A,N/A,N/A,30478,20478
479,BullyBot beat RandBot,BullyBot,RandBot,76,0,3,False,None,N/A,0,0,False,N/A,N/A,N/A,30479,20479
480,RandBot beat BullyBot,RandBot,BullyBot,62,58,1,False,None,N/A,0,0,False,N/A,N/A,N/A,30480,20480
481,RandBot beat BullyBot,RandBot,BullyBot,67,49,1,False,None,N/A,0,0,False,N/A,N/A,N/A,30481,20481
482,BullyBot beat RandBot,BullyBot,RandBot,73,20,2,False,None,N/A,0,0,False,N/A,N/A,N/A,30482,20482
483,BullyBot beat RandBot,BullyBot,RandBot,68,0,3,False,None,N/A,0,0,False,N/A,N/A,N/A,30483,20483
484,BullyBot beat RandBot,BullyBot,RandBot,72,0,3,False,None,N/A,0,0,False,N/A,N/A,N/A,30484,20484
485,RandBot beat BullyBot,RandBot,BullyBot,89,12,2,True,RandBot,35,0,0,False,N/A,N/A,N/A,30485,20485
486,BullyBot beat RandBot,BullyBot,RandBot,70,15,2,False,None,N/A,0,0,False,N/A,N/A,N/A,30486,20486
487,RandBot beat BullyBot,RandBot,BullyBot,68,0,3,True,RandBot,34,0,0,False,N/A,N/A,N/A,30487,20487
488,RandBot beat BullyBot,RandBot,BullyBot,58,62,1,False,None,N/A,0,0,False,N/A,N/A,N/A,30488,20488
489,RandBot beat BullyBot,RandBot,BullyBot,67,28,2,False,None,N/A,0,0,False,N/A,N/A,N/A,30489,20489
490,RandBot beat BullyBot,RandBot,BullyBot,58,62,1,False,None,N/A,0,0,False,N/A,N/A,N/A,30490,20490
491,BullyBot beat RandBot,BullyBot,RandBot,67,42,1,False,None,N/A,0,0,False,N/A,N/A,N/A,30491,20491
492,BullyBot beat RandBot,BullyBot,RandBot,79,15,2,False,None,N/A,0,0,False,N/A,N/A,N/A,30492,20492
493,BullyBot beat RandBot,BullyBot,RandBot,54,0,3,True,RandBot,0,0,0,False,N/A,N/A,N/A,30493,20493
494,BullyBot beat RandBot,BullyBot,RandBot,70,0,3,False,None,N/A,0,0,False,N/A,N/A,N/A,30494,20494
495,BullyBot beat RandBot,BullyBot,RandBot,70,14,2,False,None,N/A,0,0,False,N/A,N/A,N/A,30495,20495
496,BullyBot beat RandBot,BullyBot,RandBot,73,12,2,False,None,N/A,0,0,False,N/A,N/A,N/A,30496,20496
497,RandBot beat BullyBot,RandBot,BullyBot,67,53,1,False,None,N/A,0,0,False,N/A,N/A,N/A,30497,20497
498,BullyBot beat RandBot,BullyBot,RandBot,68,0,3,False,None,N/A,0,0,False,N/A,N/A,N/A,30498,20498
499,BullyBot beat RandBot,BullyBot,RandBot,67,0,3,False,None,N/A,0,0,False,N/A,N/A,N/A,30499,20499
500,RandBot beat BullyBot,RandBot,BullyBot,52,19,2,True,RandBot,13,0,0,False,N/A,N/A,N/A,30500,20500
501,BullyBot beat RandBot,BullyBot,RandBot,83,0,3,False,None,N/A,0,0,False,N/A,N/A,N/A,30501,20501
502,BullyBot beat RandBot,BullyBot,RandBot,76,0,3,False,None,N/A,0,0,False,N/A,N/A,N/A,30502,20502
503,RandBot beat BullyBot,RandBot,BullyBot,73,0,3,True,RandBot,19,0,0,False,N/A,N/A,N/A,30503,20503
504,RandBot beat BullyBot,RandBot,BullyBot,69,27,2,False,None,N/A,0,0,False,N/A,N/A,N/A,30504,20504
505,BullyBot beat RandBot,BullyBot,RandBot,0,0,3,True,RandBot,13,0,0,False,N/A,N/A,N/A,30505,20505
506,RandBot beat BullyBot,RandBot,BullyBot,72,48,1,False,None,N/A,0,0,False,N/A,N/A,N/A,30506,20506
507,RandBot beat BullyBot,RandBot,BullyBot,21,41,3,True,RandBot,0,0,0,False,N/A,N/A,N/A,30507,20507
508,BullyBot beat RandBot,BullyBot,RandBot,69,0,3,False,None,N/A,0,0,False,N/A,N/A,N/A,30508,20508
509,BullyBot beat RandBot,BullyBot,RandBot,66,0,3,False,None,N/A,0,0,False,N/A,N/A,N/A,30509,20509
510,RandBot beat BullyBot,RandBot,BullyBot,61,59,1,False,None,N/A,0,0,False,N/A,N/A,N/A,30510,20510
511,BullyBot beat RandBot,BullyBot,RandBot,59,61,1,False,None,N/A,0,0,False,N/A,N/A,N/A,30511,20511
512,RandBot beat BullyBot,RandBot,BullyBot,66,36,1,False,None,N/A,0,0,False,N/A,N/A,N/A,30512,20512
513,RandBot beat BullyBot,RandBot,BullyBot,69,6,3,True,RandBot,15,0,0,False,N/A,N/A,N/A,30513,20513
514,RandBot beat BullyBot,RandBot,BullyBot,59,48,1,True,RandBot,15,0,0,False,N/A,N/A,N/A,30514,20514
515,RandBot beat BullyBot,RandBot,BullyBot,66,28,2,False,None,N/A,0,0,False,N/A,N/A,N/A,30515,20515
516,BullyBot beat RandBot,BullyBot,RandBot,71,0,3,False,None,N/A,0,0,False,N/A,N/A,N/A,30516,20516
517,RandBot beat BullyBot,RandBot,BullyBot,74,0,3,False,None,N/A,0,0,False,N/A,N/A,N/A,30517,20517
518,RandBot beat BullyBot,RandBot,BullyBot,77,6,2,True,RandBot,42,0,0,False,N/A,N/A,N/A,30518,20518
519,RandBot beat BullyBot,RandBot,BullyBot,76,0,3,False,None,N/A,0,0,False,N/A,N/A,N/A,30519,20519
520,RandBot beat BullyBot,RandBot,BullyBot,53,62,1,True,RandBot,21,0,0,False,N/A,N/A,N/A,30520,20520
521,RandBot beat BullyBot,RandBot,BullyBot,68,52,1,False,None,N/A,0,0,False,N/A,N/A,N/A,30521,20521
522,BullyBot beat RandBot,BullyBot,RandBot,69,32,2,False,None,N/A,0,0,False,N/A,N/A,N/A,30522,20522
523,RandBot beat BullyBot,RandBot,BullyBot,65,55,1,False,None,N/A,0,0,False,N/A,N/A,N/A,30523,20523
524,BullyBot beat RandBot,BullyBot,RandBot,67,0,3,False,None,N/A,0,0,False,N/A,N/A,N/A,30524,20524
525,RandBot beat BullyBot,RandBot,BullyBot,63,57,1,False,None,N/A,0,0,False,N/A,N/A,N/A,30525,20525
526,RandBot beat BullyBot,RandBot,BullyBot,51,55,1,True,RandBot,21,0,0,False,N/A,N/A,N/A,30526,20526
527,RandBot beat BullyBot,RandBot,BullyBot,67,56,1,False,None,N/A,0,0,False,N/A,N/A,N/A,30527,20527
528,RandBot beat BullyBot,RandBot,BullyBot,69,41,1,False,None,N/A,0,0,False,N/A,N/A,N/A,30528,20528
529,RandBot beat BullyBot,RandBot,BullyBot,69,51,1,False,None,N/A,0,0,False,N/A,N/A,N/A,30529,20529
530,BullyBot beat RandBot,BullyBot,RandBot,70,0,3,False,None,N/A,0,0,False,N/A,N/A,N/A,30530,20530
531,BullyBot beat RandBot,BullyBot,RandBot,73,6,2,False,None,N/A,0,0,False,N/A,N/A,N/A,30531,20531
532,BullyBot beat RandBot,BullyBot,RandBot,68,13,2,False,None,N/A,0,0,False,N/A,N/A,N/A,30532,20532
533,RandBot beat BullyBot,RandBot,BullyBot,69,33,1,False,None,N/A,0,0,False,N/A,N/A,N/A,30533,20533
534,BullyBot beat RandBot,BullyBot,RandBot,68,0,3,False,None,N/A,0,0,False,N/A,N/A,N/A,30534,20534
535,BullyBot beat RandBot,BullyBot,RandBot,73,0,3,False,None,N/A,0,0,False,N/A,N/A,N/A,30535,20535
536,BullyBot beat RandBot,BullyBot,RandBot,68,34,1,False,None,N/A,0,0,False,N/A,N/A,N/A,30536,20536
537,BullyBot beat RandBot,BullyBot,RandBot,59,0,3,True,RandBot,0,0,0,False,N/A,N/A,N/A,30537,20537
538,RandBot beat BullyBot,RandBot,BullyBot,69,41,1,False,None,N/A,0,0,False,N/A,N/A,N/A,30538,20538
539,BullyBot beat RandBot,BullyBot,RandBot,0,0,3,True,RandBot,0,0,0,False,N/A,N/A,N/A,30539,20539
540,BullyBot beat RandBot,BullyBot,RandBot,74,0,3,False,None,N/A,0,0,False,N/A,N/A,N/A,30540,20540
541,BullyBot beat RandBot,BullyBot,RandBot,58,0,3,True,RandBot,0,0,0,False,N/A,N/A,N/A,30541,20541
542,RandBot beat BullyBot,RandBot,BullyBot,71,18,2,False,None,N/A,0,0,False,N/A,N/A,N/A,30542,20542
543,RandBot beat BullyBot,RandBot,BullyBot,55,65,1,False,None,N/A,0,0,False,N/A,N/A,N/A,30543,20543
544,BullyBot beat RandBot,BullyBot,RandBot,67,14,2,False,None,N/A,0,0,False,N/A,N/A,N/A,30544,20544
545,BullyBot beat RandBot,BullyBot,RandBot,67,13,2,True,RandBot,13,0,0,False,N/A,N/A,N/A,30545,20545
546,RandBot beat BullyBot,RandBot,BullyBot,73,41,1,False,None,N/A,0,0,False,N/A,N/A,N/A,30546,20546
547,RandBot beat BullyBot,RandBot,BullyBot,70,0,3,True,RandBot,36,0,0,False,N/A,N/A,N/A,30547,20547
548,BullyBot beat RandBot,BullyBot,RandBot,69,21,2,False,None,N/A,0,0,False,N/A,N/A,N/A,30548,20548
549,BullyBot beat RandBot,BullyBot,RandBot,77,0,3,False,None,N/A,0,0,False,N/A,N/A,N/A,30549,20549
550,BullyBot beat RandBot,BullyBot,RandBot,68,15,2,False,None,N/A,0,0,False,N/A,N/A,N/A,30550,20550
551,RandBot beat BullyBot,RandBot,BullyBot,7,54,3,True,RandBot,0,0,0,False,N/A,N/A,N/A,30551,20551
552,BullyBot beat RandBot,BullyBot,RandBot,70,7,2,False,None,N/A,0,0,False,N/A,N/A,N/A,30552,20552
553,BullyBot beat RandBot,BullyBot,RandBot,84,0,3,False,None,N/A,0,0,False,N/A,N/A,N/A,30553,20553
554,BullyBot beat RandBot,BullyBot,RandBot,71,12,2,False,None,N/A,0,0,False,N/A,N/A,N/A,30554,20554
555,RandBot beat BullyBot,RandBot,BullyBot,67,13,3,True,RandBot,28,0,0,False,N/A,N/A,N/A,30555,20555
556,RandBot beat BullyBot,RandBot,BullyBot,65,55,1,False,None,N/A,0,0,False,N/A,N/A,N/A,30556,20556
557,RandBot beat BullyBot,RandBot,BullyBot,66,43,1,True,RandBot,13,0,0,False,N/A,N/A,N/A,30557,20557
558,BullyBot beat RandBot,BullyBot,RandBot,34,0,2,True,RandBot,13,0,0,False,N/A,N/A,N/A,30558,20558
559,RandBot beat BullyBot,RandBot,BullyBot,72,38,1,False,None,N/A,0,0,False,N/A,N/A,N/A,30559,20559
560,BullyBot beat RandBot,BullyBot,RandBot,69,0,3,False,None,N/A,0,0,False,N/A,N/A,N/A,30560,20560
561,BullyBot beat RandBot,BullyBot,RandBot,20,27,3,True,RandBot,0,0,0,False,N/A,N/A,N/A,30561,20561
562,RandBot beat BullyBot,RandBot,BullyBot,58,62,1,False,None,N/A,0,0,False,N/A,N/A,N/A,30562,20562
563,RandBot beat BullyBot,RandBot,BullyBot,55,65,1,False,None,N/A,0,0,False,N/A,N/A,N/A,30563,20563
564,RandBot beat BullyBot,RandBot,BullyBot,79,47,1,False,None,N/A,0,0,False,N/A,N/A,N/A,30564,20564
565,BullyBot beat RandBot,BullyBot,RandBot,76,0,3,False,None,N/A,0,0,False,N/A,N/A,N/A,30565,20565
566,RandBot beat BullyBot,RandBot,BullyBot,66,26,2,True,RandBot,20,0,0,False,N/A,N/A,N/A,30566,20566
567,BullyBot beat RandBot,BullyBot,RandBot,66,21,2,False,None,N/A,0,0,False,N/A,N/A,N/A,30567,20567
568,BullyBot beat RandBot,BullyBot,RandBot,66,36,1,False,None,N/A,0,0,False,N/A,N/A,N/A,30568,20568
569,RandBot beat BullyBot,RandBot,BullyBot,67,41,1,True,RandBot,34,0,0,False,N/A,N/A,N/A,30569,20569
570,BullyBot beat RandBot,BullyBot,RandBot,69,0,3,False,None,N/A,0,0,False,N/A,N/A,N/A,30570,20570
571,RandBot beat BullyBot,RandBot,BullyBot,46,53,1,True,RandBot,7,0,0,False,N/A,N/A,N/A,30571,20571
572,BullyBot beat RandBot,BullyBot,RandBot,76,0,3,False,None,N/A,0,0,False,N/A,N/A,N/A,30572,20572
573,RandBot beat BullyBot,RandBot,BullyBot,67,53,1,False,None,N/A,0,0,False,N/A,N/A,N/A,30573,20573
574,BullyBot beat RandBot,BullyBot,RandBot,66,41,1,False,None,N/A,0,0,False,N/A,N/A,N/A,30574,20574
575,BullyBot beat RandBot,BullyBot,RandBot,76,40,1,False,None,N/A,0,0,False,N/A,N/A,N/A,30575,20575
576,BullyBot beat RandBot,BullyBot,RandBot,77,0,3,False,None,N/A,0,0,False,N/A,N/A,N/A,30576,20576
577,BullyBot beat RandBot,BullyBot,RandBot,66,0,3,False,None,N/A,0,0,False,N/A,N/A,N/A,30577,20577
578,BullyBot beat RandBot,BullyBot,RandBot,75,27,2,False,None,N/A,0,0,False,N/A,N/A,N/A,30578,20578
579,RandBot beat BullyBot,RandBot,BullyBot,59,61,1,False,None,N/A,0,0,False,N/A,N/A,N/A,30579,20579
580,BullyBot beat RandBot,BullyBot,RandBot,68,27,2,False,None,N/A,0,0,False,N/A,N/A,N/A,30580,20580
581,BullyBot beat RandBot,BullyBot,RandBot,58,62,1,False,None,N/A,0,0,False,N/A,N/A,N/A,30581,20581
582,BullyBot beat RandBot,BullyBot,RandBot,73,15,2,False,None,N/A,0,0,False,N/A,N/A,N/A,30582,20582
583,BullyBot beat RandBot,BullyBot,RandBot,73,47,1,False,None,N/A,0,0,False,N/A,N/A,N/A,30583,20583
584,RandBot beat BullyBot,RandBot,BullyBot,67,53,1,False,None,N/A,0,0,False,N/A,N/A,N/A,30584,20584
585,BullyBot beat RandBot,BullyBot,RandBot,46,26,3,True,RandBot,0,0,0,False,N/A,N/A,N/A,30585,20585
586,RandBot beat BullyBot,RandBot,BullyBot,73,41,1,False,None,N/A,0,0,False,N/A,N/A,N/A,30586,20586
587,BullyBot beat RandBot,BullyBot,RandBot,67,22,2,False,None,N/A,0,0,False,N/A,N/A,N/A,30587,20587
588,RandBot beat BullyBot,RandBot,BullyBot,65,55,1,False,None,N/A,0,0,False,N/A,N/A,N/A,30588,20588
589,RandBot beat BullyBot,RandBot,BullyBot,68,47,1,False,None,N/A,0,0,False,N/A,N/A,N/A,30589,20589
590,BullyBot beat RandBot,BullyBot,RandBot,70,0,3,False,None,N/A,0,0,False,N/A,N/A,N/A,30590,20590
591,RandBot beat BullyBot,RandBot,BullyBot,65,55,1,False,None,N/A,0,0,False,N/A,N/A,N/A,30591,20591
592,BullyBot beat RandBot,BullyBot,RandBot,73,21,2,False,None,N/A,0,0,False,N/A,N/A,N/A,30592,20592
593,BullyBot beat RandBot,BullyBot,RandBot,68,0,3,False,None,N/A,0,0,False,N/A,N/A,N/A,30593,20593
594,RandBot beat BullyBot,RandBot,BullyBot,65,55,1,False,None,N/A,0,0,False,N/A,N/A,N/A,30594,20594
595,BullyBot beat RandBot,BullyBot,RandBot,76,0,3,False,None,N/A,0,0,False,N/A,N/A,N/A,30595,20595
596,RandBot beat BullyBot,RandBot,BullyBot,66,15,2,True,RandBot,14,0,0,False,N/A,N/A,N/A,30596,20596
597,RandBot beat BullyBot,RandBot,BullyBot,66,48,1,False,None,N/A,0,0,False,N/A,N/A,N/A,30597,20597
598,RandBot beat BullyBot,RandBot,BullyBot,60,60,1,False,None,N/A,0,0,False,N/A,N/A,N/A,30598,20598
599,RandBot beat BullyBot,RandBot,BullyBot,68,47,1,False,None,N/A,0,0,False,N/A,N/A,N/A,30599,20599
600,BullyBot beat RandBot,BullyBot,RandBot,73,0,3,False,None,N/A,0,0,False,N/A,N/A,N/A,30600,20600
601,RandBot beat BullyBot,RandBot,BullyBot,73,13,2,False,None,N/A,0,0,False,N/A,N/A,N/A,30601,20601
602,BullyBot beat RandBot,BullyBot,RandBot,66,54,1,False,None,N/A,0,0,False,N/A,N/A,N/A,30602,20602
603,BullyBot beat RandBot,BullyBot,RandBot,75,0,3,False,None,N/A,0,0,False,N/A,N/A,N/A,30603,20603
604,RandBot beat BullyBot,RandBot,BullyBot,67,53,1,False,None,N/A,0,0,False,N/A,N/A,N/A,30604,20604
605,RandBot beat BullyBot,RandBot,BullyBot,73,47,1,False,None,N/A,0,0,False,N/A,N/A,N/A,30605,20605
606,RandBot beat BullyBot,RandBot,BullyBot,66,28,2,True,RandBot,27,0,0,False,N/A,N/A,N/A,30606,20606
607,BullyBot beat RandBot,BullyBot,RandBot,75,13,2,False,None,N/A,0,0,False,N/A,N/A,N/A,30607,20607
608,BullyBot beat RandBot,BullyBot,RandBot,67,21,2,False,None,N/A,0,0,False,N/A,N/A,N/A,30608,20608
609,BullyBot beat RandBot,BullyBot,RandBot,0,0,3,True,RandBot,0,0,0,False,N/A,N/A,N/A,30609,20609
610,RandBot beat BullyBot,RandBot,BullyBot,69,45,1,False,None,N/A,0,0,False,N/A,N/A,N/A,30610,20610
611,RandBot beat BullyBot,RandBot,BullyBot,39,15,3,True,RandBot,0,0,0,False,N/A,N/A,N/A,30611,20611
612,BullyBot beat RandBot,BullyBot,RandBot,73,0,3,False,None,N/A,0,0,False,N/A,N/A,N/A,30612,20612
613,BullyBot beat RandBot,BullyBot,RandBot,66,21,2,False,None,N/A,0,0,False,N/A,N/A,N/A,30613,20613
614,RandBot beat BullyBot,RandBot,BullyBot,70,44,1,False,None,N/A,0,0,False,N/A,N/A,N/A,30614,20614
615,RandBot beat BullyBot,RandBot,BullyBot,67,0,3,False,None,N/A,0,0,False,N/A,N/A,N/A,30615,20615
616,BullyBot beat RandBot,BullyBot,RandBot,73,27,2,False,None,N/A,0,0,False,N/A,N/A,N/A,30616,20616
617,BullyBot beat RandBot,BullyBot,RandBot,69,0,3,False,None,N/A,0,0,False,N/A,N/A,N/A,30617,20617
618,BullyBot beat RandBot,BullyBot,RandBot,69,26,2,False,None,N/A,0,0,False,N/A,N/A,N/A,30618,20618
619,RandBot beat BullyBot,RandBot,BullyBot,61,28,2,True,RandBot,21,0,0,False,N/A,N/A,N/A,30619,20619
620,BullyBot beat RandBot,BullyBot,RandBot,70,12,2,False,None,N/A,0,0,False,N/A,N/A,N/A,30620,20620
621,BullyBot beat RandBot,BullyBot,RandBot,39,21,3,True,RandBot,0,0,0,False,N/A,N/A,N/A,30621,20621
622,BullyBot beat RandBot,BullyBot,RandBot,66,0,3,False,None,N/A,0,0,False,N/A,N/A,N/A,30622,20622
623,RandBot beat BullyBot,RandBot,BullyBot,59,61,1,False,None,N/A,0,0,False,N/A,N/A,N/A,30623,20623
624,BullyBot beat RandBot,BullyBot,RandBot,41,46,2,True,RandBot,20,0,0,False,N/A,N/A,N/A,30624,20624
625,BullyBot beat RandBot,BullyBot,RandBot,69,0,3,False,None,N/A,0,0,False,N/A,N/A,N/A,30625,20625
626,RandBot beat BullyBot,RandBot,BullyBot,33,55,2,True,RandBot,21,0,0,False,N/A,N/A,N/A,30626,20626
627,RandBot beat BullyBot,RandBot,BullyBot,73,47,1,False,None,N/A,0,0,False,N/A,N/A,N/A,30627,20627
628,BullyBot beat RandBot,BullyBot,RandBot,68,0,3,False,None,N/A,0,0,False,N/A,N/A,N/A,30628,20628
629,RandBot beat BullyBot,RandBot,BullyBot,43,28,3,True,RandBot,0,0,0,False,N/A,N/A,N/A,30629,20629
630,BullyBot beat RandBot,BullyBot,RandBot,57,63,1,False,None,N/A,0,0,False,N/A,N/A,N/A,30630,20630
631,BullyBot beat RandBot,BullyBot,RandBot,70,0,3,False,None,N/A,0,0,False,N/A,N/A,N/A,30631,20631
632,BullyBot beat RandBot,BullyBot,RandBot,72,15,2,False,None,N/A,0,0,False,N/A,N/A,N/A,30632,20632
633,RandBot beat BullyBot,RandBot,BullyBot,69,11,2,False,None,N/A,0,0,False,N/A,N/A,N/A,30633,20633
634,BullyBot beat RandBot,BullyBot,RandBot,70,15,2,False,None,N/A,0,0,False,N/A,N/A,N/A,30634,20634
635,BullyBot beat RandBot,BullyBot,RandBot,69,21,2,False,None,N/A,0,0,False,N/A,N/A,N/A,30635,20635
636,BullyBot beat RandBot,BullyBot,RandBot,69,0,3,False,None,N/A,0,0,False,N/A,N/A,N/A,30636,20636
637,BullyBot beat RandBot,BullyBot,RandBot,75,0,3,False,None,N/A,0,0,False,N/A,N/A,N/A,30637,20637
638,RandBot beat BullyBot,RandBot,BullyBot,69,25,2,False,None,N/A,0,0,False,N/A,N/A,N/A,30638,20638
639,BullyBot beat RandBot,BullyBot,RandBot,73,0,3,False,None,N/A,0,0,False,N/A,N/A,N/A,30639,20639
640,BullyBot beat RandBot,BullyBot,RandBot,62,58,1,False,None,N/A,0,0,False,N/A,N/A,N/A,30640,20640
641,BullyBot beat RandBot,BullyBot,RandBot,68,0,3,False,None,N/A,0,0,False,N/A,N/A,N/A,30641,20641
642,RandBot beat BullyBot,RandBot,BullyBot,57,63,1,False,None,N/A,0,0,False,N/A,N/A,N/A,30642,20642
643,RandBot beat BullyBot,RandBot,BullyBot,68,46,2,True,RandBot,37,0,0,False,N/A,N/A,N/A,30643,20643
644,RandBot beat BullyBot,RandBot,BullyBot,56,64,1,False,None,N/A,0,0,False,N/A,N/A,N/A,30644,20644
645,BullyBot beat RandBot,BullyBot,RandBot,79,15,2,False,None,N/A,0,0,False,N/A,N/A,N/A,30645,20645
646,BullyBot beat RandBot,BullyBot,RandBot,67,0,3,False,None,N/A,0,0,False,N/A,N/A,N/A,30646,20646
647,RandBot beat BullyBot,RandBot,BullyBot,66,26,3,True,RandBot,26,0,0,False,N/A,N/A,N/A,30647,20647
648,RandBot beat BullyBot,RandBot,BullyBot,76,0,3,True,RandBot,49,0,0,False,N/A,N/A,N/A,30648,20648
649,BullyBot beat RandBot,BullyBot,RandBot,60,0,3,True,RandBot,0,0,0,False,N/A,N/A,N/A,30649,20649
650,RandBot beat BullyBot,RandBot,BullyBot,66,49,1,False,None,N/A,0,0,False,N/A,N/A,N/A,30650,20650
651,RandBot beat BullyBot,RandBot,BullyBot,68,25,3,True,RandBot,42,0,0,False,N/A,N/A,N/A,30651,20651
652,RandBot beat BullyBot,RandBot,BullyBot,68,52,1,False,None,N/A,0,0,False,N/A,N/A,N/A,30652,20652
653,BullyBot beat RandBot,BullyBot,RandBot,70,0,3,False,None,N/A,0,0,False,N/A,N/A,N/A,30653,20653
654,RandBot beat BullyBot,RandBot,BullyBot,66,54,1,False,None,N/A,0,0,False,N/A,N/A,N/A,30654,20654
655,RandBot beat BullyBot,RandBot,BullyBot,68,52,1,False,None,N/A,0,0,False,N/A,N/A,N/A,30655,20655
656,RandBot beat BullyBot,RandBot,BullyBot,75,26,2,False,None,N/A,0,0,False,N/A,N/A,N/A,30656,20656
657,BullyBot beat RandBot,BullyBot,RandBot,73,0,3,False,None,N/A,0,0,False,N/A,N/A,N/A,30657,20657
658,RandBot beat BullyBot,RandBot,BullyBot,71,56,1,False,None,N/A,0,0,False,N/A,N/A,N/A,30658,20658
659,RandBot beat BullyBot,RandBot,BullyBot,67,40,1,False,None,N/A,0,0,False,N/A,N/A,N/A,30659,20659
660,RandBot beat BullyBot,RandBot,BullyBot,69,0,3,True,RandBot,21,0,0,False,N/A,N/A,N/A,30660,20660
661,BullyBot beat RandBot,BullyBot,RandBot,12,48,3,True,RandBot,0,0,0,False,N/A,N/A,N/A,30661,20661
662,RandBot beat BullyBot,RandBot,BullyBot,74,43,1,False,None,N/A,0,0,False,N/A,N/A,N/A,30662,20662
663,RandBot beat BullyBot,RandBot,BullyBot,60,60,1,False,None,N/A,0,0,False,N/A,N/A,N/A,30663,20663
664,RandBot beat BullyBot,RandBot,BullyBot,69,51,1,False,None,N/A,0,0,False,N/A,N/A,N/A,30664,20664
665,RandBot beat BullyBot,RandBot,BullyBot,27,24,3,True,RandBot,0,0,0,False,N/A,N/A,N/A,30665,20665
666,BullyBot beat RandBot,BullyBot,RandBot,70,21,2,False,None,N/A,0,0,False,N/A,N/A,N/A,30666,20666
667,BullyBot beat RandBot,BullyBot,RandBot,67,27,2,False,None,N/A,0,0,False,N/A,N/A,N/A,30667,20667
668,RandBot beat BullyBot,RandBot,BullyBot,55,65,1,False,None,N/A,0,0,False,N/A,N/A,N/A,30668,20668
669,RandBot beat BullyBot,RandBot,BullyBot,69,45,1,False,None,N/A,0,0,False,N/A,N/A,N/A,30669,20669
670,RandBot beat BullyBot,RandBot,BullyBot,80,14,2,True,RandBot,41,0,0,False,N/A,N/A,N/A,30670,20670
671,RandBot beat BullyBot,RandBot,BullyBot,48,36,2,True,RandBot,14,0,0,False,N/A,N/A,N/A,30671,20671
672,BullyBot beat RandBot,BullyBot,RandBot,70,0,3,False,None,N/A,0,0,False,N/A,N/A,N/A,30672,20672
673,RandBot beat BullyBot,RandBot,BullyBot,52,47,1,True,RandBot,13,0,0,False,N/A,N/A,N/A,30673,20673
674,RandBot beat BullyBot,RandBot,BullyBot,66,34,1,False,None,N/A,0,0,False,N/A,N/A,N/A,30674,20674
675,RandBot beat BullyBot,RandBot,BullyBot,19,47,3,True,RandBot,0,0,0,False,N/A,N/A,N/A,30675,20675
676,RandBot beat BullyBot,RandBot,BullyBot,57,63,1,False,None,N/A,0,0,False,N/A,N/A,N/A,30676,20676
677,BullyBot beat RandBot,BullyBot,RandBot,66,0,3,False,None,N/A,0,0,False,N/A,N/A,N/A,30677,20677
678,BullyBot beat RandBot,BullyBot,RandBot,72,17,2,False,None,N/A,0,0,False,N/A,N/A,N/A,30678,20678
679,BullyBot beat RandBot,BullyBot,RandBot,66,0,3,False,None,N/A,0,0,False,N/A,N/A,N/A,30679,20679
680,RandBot beat BullyBot,RandBot,BullyBot,67,28,2,False,None,N/A,0,0,False,N/A,N/A,N/A,30680,20680
681,BullyBot beat RandBot,BullyBot,RandBot,70,0,3,False,None,N/A,0,0,False,N/A,N/A,N/A,30681,20681
682,BullyBot beat RandBot,BullyBot,RandBot,68,27,2,False,None,N/A,0,0,False,N/A,N/A,N/A,30682,20682
683,RandBot beat BullyBot,RandBot,BullyBot,68,61,1,False,None,N/A,0,0,False,N/A,N/A,N/A,30683,20683
684,BullyBot beat RandBot,BullyBot,RandBot,0,0,3,True,RandBot,13,0,0,False,N/A,N/A,N/A,30684,20684
685,RandBot beat BullyBot,RandBot,BullyBot,60,60,1,False,None,N/A,0,0,False,N/A,N/A,N/A,30685,20685
686,RandBot beat BullyBot,RandBot,BullyBot,62,58,1,False,None,N/A,0,0,False,N/A,N/A,N/A,30686,20686
687,BullyBot beat RandBot,BullyBot,RandBot,67,0,3,False,None,N/A,0,0,False,N/A,N/A,N/A,30687,20687
688,BullyBot beat RandBot,BullyBot,RandBot,69,14,2,False,None,N/A,0,0,False,N/A,N/A,N/A,30688,20688
689,BullyBot beat RandBot,BullyBot,RandBot,70,0,3,False,None,N/A,0,0,False,N/A,N/A,N/A,30689,20689
690,BullyBot beat RandBot,BullyBot,RandBot,66,14,2,False,None,N/A,0,0,False,N/A,N/A,N/A,30690,20690
691,BullyBot beat RandBot,BullyBot,RandBot,73,0,3,False,None,N/A,0,0,False,N/A,N/A,N/A,30691,20691
692,BullyBot beat RandBot,BullyBot,RandBot,75,0,3,False,None,N/A,0,0,False,N/A,N/A,N/A,30692,20692
693,RandBot beat BullyBot,RandBot,BullyBot,68,52,1,False,None,N/A,0,0,False,N/A,N/A,N/A,30693,20693
694,RandBot beat BullyBot,RandBot,BullyBot,75,13,2,False,None,N/A,0,0,False,N/A,N/A,N/A,30694,20694
695,BullyBot beat RandBot,BullyBot,RandBot,72,22,2,True,RandBot,22,0,0,False,N/A,N/A,N/A,30695,20695
696,BullyBot beat RandBot,BullyBot,RandBot,67,21,2,False,None,N/A,0,0,False,N/A,N/A,N/A,30696,20696
697,BullyBot beat RandBot,BullyBot,RandBot,26,60,2,True,RandBot,21,0,0,False,N/A,N/A,N/A,30697,20697
698,RandBot beat BullyBot,RandBot,BullyBot,19,40,3,True,RandBot,6,0,0,False,N/A,N/A,N/A,30698,20698
699,BullyBot beat RandBot,BullyBot,RandBot,65,55,1,False,None,N/A,0,0,False,N/A,N/A,N/A,30699,20699
700,BullyBot beat RandBot,BullyBot,RandBot,69,0,3,False,None,N/A,0,0,False,N/A,N/A,N/A,30700,20700
701,RandBot beat BullyBot,RandBot,BullyBot,52,13,3,True,RandBot,0,0,0,False,N/A,N/A,N/A,30701,20701
702,BullyBot beat RandBot,BullyBot,RandBot,75,0,3,False,None,N/A,0,0,False,N/A,N/A,N/A,30702,20702
703,RandBot beat BullyBot,RandBot,BullyBot,56,14,3,True,RandBot,0,0,0,False,N/A,N/A,N/A,30703,20703
704,RandBot beat BullyBot,RandBot,BullyBot,72,35,1,False,None,N/A,0,0,False,N/A,N/A,N/A,30704,20704
705,BullyBot beat RandBot,BullyBot,RandBot,68,0,3,False,None,N/A,0,0,False,N/A,N/A,N/A,30705,20705
706,RandBot beat BullyBot,RandBot,BullyBot,59,61,1,False,None,N/A,0,0,False,N/A,N/A,N/A,30706,20706
707,BullyBot beat RandBot,BullyBot,RandBot,66,27,2,False,None,N/A,0,0,False,N/A,N/A,N/A,30707,20707
708,BullyBot beat RandBot,BullyBot,RandBot,67,0,3,False,None,N/A,0,0,False,N/A,N/A,N/A,30708,20708
709,RandBot beat BullyBot,RandBot,BullyBot,53,13,3,True,RandBot,0,0,0,False,N/A,N/A,N/A,30709,20709
710,BullyBot beat RandBot,BullyBot,RandBot,67,28,2,False,None,N/A,0,0,False,N/A,N/A,N/A,30710,20710
711,RandBot beat BullyBot,RandBot,BullyBot,70,25,2,False,None,N/A,0,0,False,N/A,N/A,N/A,30711,20711
712,RandBot beat BullyBot,RandBot,BullyBot,61,59,1,False,None,N/A,0,0,False,N/A,N/A,N/A,30712,20712
713,RandBot beat BullyBot,RandBot,BullyBot,73,47,1,False,None,N/A,0,0,False,N/A,N/A,N/A,30713,20713
714,RandBot beat BullyBot,RandBot,BullyBot,37,42,2,True,RandBot,13,0,0,False,N/A,N/A,N/A,30714,20714
715,RandBot beat BullyBot,RandBot,BullyBot,67,46,1,True,RandBot,14,0,0,False,N/A,N/A,N/A,30715,20715
716,BullyBot beat RandBot,BullyBot,RandBot,78,41,1,False,None,N/A,0,0,False,N/A,N/A,N/A,30716,20716
717,BullyBot beat RandBot,BullyBot,RandBot,75,28,2,False,None,N/A,0,0,False,N/A,N/A,N/A,30717,20717
718,BullyBot beat RandBot,BullyBot,RandBot,69,0,3,False,None,N/A,0,0,False,N/A,N/A,N/A,30718,20718
719,RandBot beat BullyBot,RandBot,BullyBot,75,45,1,False,None,N/A,0,0,False,N/A,N/A,N/A,30719,20719
720,BullyBot beat RandBot,BullyBot,RandBot,68,25,2,False,None,N/A,0,0,False,N/A,N/A,N/A,30720,20720
721,BullyBot beat RandBot,BullyBot,RandBot,66,54,1,False,None,N/A,0,0,False,N/A,N/A,N/A,30721,20721
722,BullyBot beat RandBot,BullyBot,RandBot,73,0,3,False,None,N/A,0,0,False,N/A,N/A,N/A,30722,20722
723,RandBot beat BullyBot,RandBot,BullyBot,97,54,1,False,None,N/A,0,0,False,N/A,N/A,N/A,30723,20723
724,BullyBot beat RandBot,BullyBot,RandBot,69,0,3,False,None,N/A,0,0,False,N/A,N/A,N/A,30724,20724
725,RandBot beat BullyBot,RandBot,BullyBot,69,35,1,False,None,N/A,0,0,False,N/A,N/A,N/A,30725,20725
726,BullyBot beat RandBot,BullyBot,RandBot,68,13,2,False,None,N/A,0,0,False,N/A,N/A,N/A,30726,20726
727,BullyBot beat RandBot,BullyBot,RandBot,67,0,3,False,None,N/A,0,0,False,N/A,N/A,N/A,30727,20727
728,RandBot beat BullyBot,RandBot,BullyBot,65,55,1,False,None,N/A,0,0,False,N/A,N/A,N/A,30728,20728
729,RandBot beat BullyBot,RandBot,BullyBot,68,39,1,False,None,N/A,0,0,False,N/A,N/A,N/A,30729,20729
730,RandBot beat BullyBot,RandBot,BullyBot,69,38,1,False,None,N/A,0,0,False,N/A,N/A,N/A,30730,20730
731,RandBot beat BullyBot,RandBot,BullyBot,70,0,3,True,RandBot,0,0,0,False,N/A,N/A,N/A,30731,20731
732,RandBot beat BullyBot,RandBot,BullyBot,71,0,3,True,RandBot,21,0,0,False,N/A,N/A,N/A,30732,20732
733,RandBot beat BullyBot,RandBot,BullyBot,72,42,1,False,None,N/A,0,0,False,N/A,N/A,N/A,30733,20733
734,BullyBot beat RandBot,BullyBot,RandBot,75,0,3,False,None,N/A,0,0,False,N/A,N/A,N/A,30734,20734
735,RandBot beat BullyBot,RandBot,BullyBot,66,27,2,True,RandBot,34,0,0,False,N/A,N/A,N/A,30735,20735
736,RandBot beat BullyBot,RandBot,BullyBot,70,33,1,False,None,N/A,0,0,False,N/A,N/A,N/A,30736,20736
737,BullyBot beat RandBot,BullyBot,RandBot,76,0,3,False,None,N/A,0,0,False,N/A,N/A,N/A,30737,20737
738,BullyBot beat RandBot,BullyBot,RandBot,66,21,2,False,None,N/A,0,0,False,N/A,N/A,N/A,30738,20738
739,BullyBot beat RandBot,BullyBot,RandBot,70,0,3,False,None,N/A,0,0,False,N/A,N/A,N/A,30739,20739
740,RandBot beat BullyBot,RandBot,BullyBot,69,5,2,True,RandBot,14,0,0,False,N/A,N/A,N/A,30740,20740
741,BullyBot beat RandBot,BullyBot,RandBot,57,63,1,False,None,N/A,0,0,False,N/A,N/A,N/A,30741,20741
742,RandBot beat BullyBot,RandBot,BullyBot,75,45,1,False,None,N/A,0,0,False,N/A,N/A,N/A,30742,20742
743,RandBot beat BullyBot,RandBot,BullyBot,33,54,2,True,RandBot,15,0,0,False,N/A,N/A,N/A,30743,20743
744,RandBot beat BullyBot,RandBot,BullyBot,72,48,1,False,None,N/A,0,0,False,N/A,N/A,N/A,30744,20744
745,RandBot beat BullyBot,RandBot,BullyBot,58,62,1,False,None,N/A,0,0,False,N/A,N/A,N/A,30745,20745
746,RandBot beat BullyBot,RandBot,BullyBot,58,62,1,False,None,N/A,0,0,False,N/A,N/A,N/A,30746,20746
747,RandBot beat BullyBot,RandBot,BullyBot,13,31,3,True,RandBot,0,0,0,False,N/A,N/A,N/A,30747,20747
748,BullyBot beat RandBot,BullyBot,RandBot,82,0,3,False,None,N/A,0,0,False,N/A,N/A,N/A,30748,20748
749,RandBot beat BullyBot,RandBot,BullyBot,66,48,1,False,None,N/A,0,0,False,N/A,N/A,N/A,30749,20749
750,RandBot beat BullyBot,RandBot,BullyBot,65,55,1,False,None,N/A,0,0,False,N/A,N/A,N/A,30750,20750
751,RandBot beat BullyBot,RandBot,BullyBot,57,7,3,True,RandBot,0,0,0,False,N/A,N/A,N/A,30751,20751
752,RandBot beat BullyBot,RandBot,BullyBot,68,6,3,True,RandBot,43,0,0,False,N/A,N/A,N/A,30752,20752
753,BullyBot beat RandBot,BullyBot,RandBot,75,0,3,False,None,N/A,0,0,False,N/A,N/A,N/A,30753,20753
754,BullyBot beat RandBot,BullyBot,RandBot,66,43,1,False,None,N/A,0,0,False,N/A,N/A,N/A,30754,20754
755,RandBot beat BullyBot,RandBot,BullyBot,74,46,1,False,None,N/A,0,0,False,N/A,N/A,N/A,30755,20755
756,BullyBot beat RandBot,BullyBot,RandBot,71,13,2,False,None,N/A,0,0,False,N/A,N/A,N/A,30756,20756
757,RandBot beat BullyBot,RandBot,BullyBot,66,0,3,True,RandBot,13,0,0,False,N/A,N/A,N/A,30757,20757
758,BullyBot beat RandBot,BullyBot,RandBot,75,0,3,False,None,N/A,0,0,False,N/A,N/A,N/A,30758,20758
759,BullyBot beat RandBot,BullyBot,RandBot,67,28,2,True,RandBot,21,0,0,False,N/A,N/A,N/A,30759,20759
760,BullyBot beat RandBot,BullyBot,RandBot,67,35,1,False,None,N/A,0,0,False,N/A,N/A,N/A,30760,20760
761,RandBot beat BullyBot,RandBot,BullyBot,66,54,1,False,None,N/A,0,0,False,N/A,N/A,N/A,30761,20761
762,RandBot beat BullyBot,RandBot,BullyBot,81,37,1,False,None,N/A,0,0,False,N/A,N/A,N/A,30762,20762
763,BullyBot beat RandBot,BullyBot,RandBot,75,26,2,False,None,N/A,0,0,False,N/A,N/A,N/A,30763,20763
764,BullyBot beat RandBot,BullyBot,RandBot,69,0,3,False,None,N/A,0,0,False,N/A,N/A,N/A,30764,20764
765,BullyBot beat RandBot,BullyBot,RandBot,70,0,3,False,None,N/A,0,0,False,N/A,N/A,N/A,30765,20765
766,RandBot beat BullyBot,RandBot,BullyBot,74,46,1,False,None,N/A,0,0,False,N/A,N/A,N/A,30766,20766
767,BullyBot beat RandBot,BullyBot,RandBot,67,0,3,False,None,N/A,0,0,False,N/A,N/A,N/A,30767,20767
768,RandBot beat BullyBot,RandBot,BullyBot,60,60,1,False,None,N/A,0,0,False,N/A,N/A,N/A,30768,20768
769,RandBot beat BullyBot,RandBot,BullyBot,70,7,2,True,RandBot,12,0,0,False,N/A,N/A,N/A,30769,20769
770,RandBot beat BullyBot,RandBot,BullyBot,68,21,2,False,None,N/A,0,0,False,N/A,N/A,N/A,30770,20770
771,RandBot beat BullyBot,RandBot,BullyBot,66,41,1,False,None,N/A,0,0,False,N/A,N/A,N/A,30771,20771
772,RandBot beat BullyBot,RandBot,BullyBot,75,26,2,True,RandBot,33,0,0,False,N/A,N/A,N/A,30772,20772
773,RandBot beat BullyBot,RandBot,BullyBot,13,62,3,True,RandBot,0,0,0,False,N/A,N/A,N/A,30773,20773
774,RandBot beat BullyBot,RandBot,BullyBot,60,14,3,True,RandBot,6,0,0,False,N/A,N/A,N/A,30774,20774
775,BullyBot beat RandBot,BullyBot,RandBot,68,0,3,False,None,N/A,0,0,False,N/A,N/A,N/A,30775,20775
776,RandBot beat BullyBot,RandBot,BullyBot,68,45,1,False,None,N/A,0,0,False,N/A,N/A,N/A,30776,20776
777,RandBot beat BullyBot,RandBot,BullyBot,57,63,1,False,None,N/A,0,0,False,N/A,N/A,N/A,30777,20777
778,RandBot beat BullyBot,RandBot,BullyBot,61,53,1,True,RandBot,27,0,0,False,N/A,N/A,N/A,30778,20778
779,BullyBot beat RandBot,BullyBot,RandBot,66,14,2,False,None,N/A,0,0,False,N/A,N/A,N/A,30779,20779
780,RandBot beat BullyBot,RandBot,BullyBot,70,20,2,False,None,N/A,0,0,False,N/A,N/A,N/A,30780,20780
781,RandBot beat BullyBot,RandBot,BullyBot,45,14,3,True,RandBot,0,0,0,False,N/A,N/A,N/A,30781,20781
782,BullyBot beat RandBot,BullyBot,RandBot,75,0,3,False,None,N/A,0,0,False,N/A,N/A,N/A,30782,20782
783,BullyBot beat RandBot,BullyBot,RandBot,76,0,3,False,None,N/A,0,0,False,N/A,N/A,N/A,30783,20783
784,RandBot beat BullyBot,RandBot,BullyBot,74,18,2,True,RandBot,21,0,0,False,N/A,N/A,N/A,30784,20784
785,RandBot beat BullyBot,RandBot,BullyBot,33,27,3,True,RandBot,0,0,0,False,N/A,N/A,N/A,30785,20785
786,RandBot beat BullyBot,RandBot,BullyBot,61,59,1,False,None,N/A,0,0,False,N/A,N/A,N/A,30786,20786
787,BullyBot beat RandBot,BullyBot,RandBot,33,27,3,True,RandBot,0,0,0,False,N/A,N/A,N/A,30787,20787
788,RandBot beat BullyBot,RandBot,BullyBot,69,29,2,False,None,N/A,0,0,False,N/A,N/A,N/A,30788,20788
789,RandBot beat BullyBot,RandBot,BullyBot,73,42,1,False,None,N/A,0,0,False,N/A,N/A,N/A,30789,20789
790,RandBot beat BullyBot,RandBot,BullyBot,66,0,3,False,None,N/A,0,0,False,N/A,N/A,N/A,30790,20790
791,BullyBot beat RandBot,BullyBot,RandBot,69,0,3,True,RandBot,0,0,0,False,N/A,N/A,N/A,30791,20791
792,BullyBot beat RandBot,BullyBot,RandBot,53,12,3,True,RandBot,12,0,0,False,N/A,N/A,N/A,30792,20792
793,RandBot beat BullyBot,RandBot,BullyBot,29,7,3,True,RandBot,0,0,0,False,N/A,N/A,N/A,30793,20793
794,BullyBot beat RandBot,BullyBot,RandBot,74,13,2,False,None,N/A,0,0,False,N/A,N/A,N/A,30794,20794
795,BullyBot beat RandBot,BullyBot,RandBot,32,13,3,True,RandBot,0,0,0,False,N/A,N/A,N/A,30795,20795
796,RandBot beat BullyBot,RandBot,BullyBot,71,49,1,False,None,N/A,0,0,False,N/A,N/A,N/A,30796,20796
797,BullyBot beat RandBot,BullyBot,RandBot,67,0,3,False,None,N/A,0,0,False,N/A,N/A,N/A,30797,20797
798,BullyBot beat RandBot,BullyBot,RandBot,61,59,1,False,None,N/A,0,0,False,N/A,N/A,N/A,30798,20798
799,BullyBot beat RandBot,BullyBot,RandBot,47,62,2,True,RandBot,35,0,0,False,N/A,N/A,N/A,30799,20799
800,BullyBot beat RandBot,BullyBot,RandBot,71,0,3,False,None,N/A,0,0,False,N/A,N/A,N/A,30800,20800
801,RandBot beat BullyBot,RandBot,BullyBot,31,27,3,True,RandBot,0,0,0,False,N/A,N/A,N/A,30801,20801
802,RandBot beat BullyBot,RandBot,BullyBot,71,29,2,False,None,N/A,0,0,False,N/A,N/A,N/A,30802,20802
803,BullyBot beat RandBot,BullyBot,RandBot,70,28,2,False,None,N/A,0,0,False,N/A,N/A,N/A,30803,20803
804,RandBot beat BullyBot,RandBot,BullyBot,73,47,1,False,None,N/A,0,0,False,N/A,N/A,N/A,30804,20804
805,RandBot beat BullyBot,RandBot,BullyBot,76,19,2,False,None,N/A,0,0,False,N/A,N/A,N/A,30805,20805
806,BullyBot beat RandBot,BullyBot,RandBot,73,0,3,False,None,N/A,0,0,False,N/A,N/A,N/A,30806,20806
807,RandBot beat BullyBot,RandBot,BullyBot,66,54,1,False,None,N/A,0,0,False,N/A,N/A,N/A,30807,20807
808,BullyBot beat RandBot,BullyBot,RandBot,73,0,3,False,None,N/A,0,0,False,N/A,N/A,N/A,30808,20808
809,BullyBot beat RandBot,BullyBot,RandBot,78,0,3,False,None,N/A,0,0,False,N/A,N/A,N/A,30809,20809
810,BullyBot beat RandBot,BullyBot,RandBot,75,0,3,False,None,N/A,0,0,False,N/A,N/A,N/A,30810,20810
811,BullyBot beat RandBot,BullyBot,RandBot,11,63,3,True,RandBot,22,0,0,False,N/A,N/A,N/A,30811,20811
812,RandBot beat BullyBot,RandBot,BullyBot,65,34,2,True,RandBot,13,0,0,False,N/A,N/A,N/A,30812,20812
813,BullyBot beat RandBot,BullyBot,RandBot,0,0,3,True,RandBot,0,0,0,False,N/A,N/A,N/A,30813,20813
814,RandBot beat BullyBot,RandBot,BullyBot,87,14,2,False,None,N/A,0,0,False,N/A,N/A,N/A,30814,20814
815,BullyBot beat RandBot,BullyBot,RandBot,69,0,3,False,None,N/A,0,0,False,N/A,N/A,N/A,30815,20815
816,RandBot beat BullyBot,RandBot,BullyBot,66,54,1,False,None,N/A,0,0,False,N/A,N/A,N/A,30816,20816
817,RandBot beat BullyBot,RandBot,BullyBot,33,12,3,True,RandBot,0,0,0,False,N/A,N/A,N/A,30817,20817
818,BullyBot beat RandBot,BullyBot,RandBot,78,0,3,False,None,N/A,0,0,False,N/A,N/A,N/A,30818,20818
819,RandBot beat BullyBot,RandBot,BullyBot,71,39,1,True,RandBot,21,0,0,False,N/A,N/A,N/A,30819,20819
820,BullyBot beat RandBot,BullyBot,RandBot,83,0,3,False,None,N/A,0,0,False,N/A,N/A,N/A,30820,20820
821,RandBot beat BullyBot,RandBot,BullyBot,47,61,2,True,RandBot,21,0,0,False,N/A,N/A,N/A,30821,20821
822,BullyBot beat RandBot,BullyBot,RandBot,77,0,3,False,None,N/A,0,0,False,N/A,N/A,N/A,30822,20822
823,RandBot beat BullyBot,RandBot,BullyBot,54,26,3,True,RandBot,21,0,0,False,N/A,N/A,N/A,30823,20823
824,RandBot beat BullyBot,RandBot,BullyBot,69,47,1,False,None,N/A,0,0,False,N/A,N/A,N/A,30824,20824
825,RandBot beat BullyBot,RandBot,BullyBot,15,47,3,True,RandBot,0,0,0,False,N/A,N/A,N/A,30825,20825
826,RandBot beat BullyBot,RandBot,BullyBot,70,33,1,False,None,N/A,0,0,False,N/A,N/A,N/A,30826,20826
827,BullyBot beat RandBot,BullyBot,RandBot,69,0,3,False,None,N/A,0,0,False,N/A,N/A,N/A,30827,20827
828,RandBot beat BullyBot,RandBot,BullyBot,72,48,1,False,None,N/A,0,0,False,N/A,N/A,N/A,30828,20828
829,RandBot beat BullyBot,RandBot,BullyBot,68,20,2,False,None,N/A,0,0,False,N/A,N/A,N/A,30829,20829
830,RandBot beat BullyBot,RandBot,BullyBot,68,26,2,False,None,N/A,0,0,False,N/A,N/A,N/A,30830,20830
831,BullyBot beat RandBot,BullyBot,RandBot,38,15,3,True,RandBot,0,0,0,False,N/A,N/A,N/A,30831,20831
832,RandBot beat BullyBot,RandBot,BullyBot,84,0,3,True,RandBot,49,0,0,False,N/A,N/A,N/A,30832,20832
833,RandBot beat BullyBot,RandBot,BullyBot,77,31,2,False,None,N/A,0,0,False,N/A,N/A,N/A,30833,20833
834,RandBot beat BullyBot,RandBot,BullyBot,67,53,1,False,None,N/A,0,0,False,N/A,N/A,N/A,30834,20834
835,RandBot beat BullyBot,RandBot,BullyBot,83,14,3,True,RandBot,41,0,0,False,N/A,N/A,N/A,30835,20835
836,BullyBot beat RandBot,BullyBot,RandBot,68,47,1,False,None,N/A,0,0,False,N/A,N/A,N/A,30836,20836
837,RandBot beat BullyBot,RandBot,BullyBot,67,46,1,False,None,N/A,0,0,False,N/A,N/A,N/A,30837,20837
838,BullyBot beat RandBot,BullyBot,RandBot,69,0,3,False,None,N/A,0,0,False,N/A,N/A,N/A,30838,20838
839,BullyBot beat RandBot,BullyBot,RandBot,70,0,3,False,None,N/A,0,0,False,N/A,N/A,N/A,30839,20839
840,RandBot beat BullyBot,RandBot,BullyBot,59,61,1,False,None,N/A,0,0,False,N/A,N/A,N/A,30840,20840
841,RandBot beat BullyBot,RandBot,BullyBot,65,55,1,False,None,N/A,0,0,False,N/A,N/A,N/A,30841,20841
842,RandBot beat BullyBot,RandBot,BullyBot,95,56,1,False,None,N/A,0,0,False,N/A,N/A,N/A,30842,20842
843,BullyBot beat RandBot,BullyBot,RandBot,75,15,2,False,None,N/A,0,0,False,N/A,N/A,N/A,30843,20843
844,BullyBot beat RandBot,BullyBot,RandBot,72,0,3,False,None,N/A,0,0,False,N/A,N/A,N/A,30844,20844
845,RandBot beat BullyBot,RandBot,BullyBot,72,7,3,True,RandBot,14,0,0,False,N/A,N/A,N/A,30845,20845
846,BullyBot beat RandBot,BullyBot,RandBot,68,0,3,False,None,N/A,0,0,False,N/A,N/A,N/A,30846,20846
847,BullyBot beat RandBot,BullyBot,RandBot,68,0,3,False,None,N/A,0,0,False,N/A,N/A,N/A,30847,20847
848,RandBot beat BullyBot,RandBot,BullyBot,38,28,3,True,RandBot,13,0,0,False,N/A,N/A,N/A,30848,20848
849,BullyBot beat RandBot,BullyBot,RandBot,69,0,3,False,None,N/A,0,0,False,N/A,N/A,N/A,30849,20849
850,BullyBot beat RandBot,BullyBot,RandBot,70,0,3,False,None,N/A,0,0,False,N/A,N/A,N/A,30850,20850
851,RandBot beat BullyBot,RandBot,BullyBot,67,53,1,False,None,N/A,0,0,False,N/A,N/A,N/A,30851,20851
852,BullyBot beat RandBot,BullyBot,RandBot,68,13,2,False,None,N/A,0,0,False,N/A,N/A,N/A,30852,20852
853,BullyBot beat RandBot,BullyBot,RandBot,74,0,3,False,None,N/A,0,0,False,N/A,N/A,N/A,30853,20853
854,RandBot beat BullyBot,RandBot,BullyBot,59,61,1,False,None,N/A,0,0,False,N/A,N/A,N/A,30854,20854
855,RandBot beat BullyBot,RandBot,BullyBot,68,21,3,True,RandBot,48,0,0,False,N/A,N/A,N/A,30855,20855
856,RandBot beat BullyBot,RandBot,BullyBot,76,44,1,False,None,N/A,0,0,False,N/A,N/A,N/A,30856,20856
857,RandBot beat BullyBot,RandBot,BullyBot,75,61,1,False,None,N/A,0,0,False,N/A,N/A,N/A,30857,20857
858,RandBot beat BullyBot,RandBot,BullyBot,78,21,2,True,RandBot,27,0,0,False,N/A,N/A,N/A,30858,20858
859,RandBot beat BullyBot,RandBot,BullyBot,19,32,3,True,RandBot,0,0,0,False,N/A,N/A,N/A,30859,20859
860,RandBot beat BullyBot,RandBot,BullyBot,67,22,2,False,None,N/A,0,0,False,N/A,N/A,N/A,30860,20860
861,BullyBot beat RandBot,BullyBot,RandBot,67,0,3,False,None,N/A,0,0,False,N/A,N/A,N/A,30861,20861
862,RandBot beat BullyBot,RandBot,BullyBot,66,50,1,False,None,N/A,0,0,False,N/A,N/A,N/A,30862,20862
863,BullyBot beat RandBot,BullyBot,RandBot,69,14,2,False,None,N/A,0,0,False,N/A,N/A,N/A,30863,20863
864,BullyBot beat RandBot,BullyBot,RandBot,69,51,1,False,None,N/A,0,0,False,N/A,N/A,N/A,30864,20864
865,BullyBot beat RandBot,BullyBot,RandBot,77,26,2,True,RandBot,13,0,0,False,N/A,N/A,N/A,30865,20865
866,RandBot beat BullyBot,RandBot,BullyBot,66,21,2,False,None,N/A,0,0,False,N/A,N/A,N/A,30866,20866
867,RandBot beat BullyBot,RandBot,BullyBot,60,25,3,True,RandBot,0,0,0,False,N/A,N/A,N/A,30867,20867
868,BullyBot beat RandBot,BullyBot,RandBot,74,26,2,True,RandBot,26,0,0,False,N/A,N/A,N/A,30868,20868
869,BullyBot beat RandBot,BullyBot,RandBot,69,0,3,False,None,N/A,0,0,False,N/A,N/A,N/A,30869,20869
870,RandBot beat BullyBot,RandBot,BullyBot,75,26,2,False,None,N/A,0,0,False,N/A,N/A,N/A,30870,20870
871,RandBot beat BullyBot,RandBot,BullyBot,51,14,3,True,RandBot,0,0,0,False,N/A,N/A,N/A,30871,20871
872,RandBot beat BullyBot,RandBot,BullyBot,74,46,1,False,None,N/A,0,0,False,N/A,N/A,N/A,30872,20872
873,BullyBot beat RandBot,BullyBot,RandBot,68,52,1,False,None,N/A,0,0,False,N/A,N/A,N/A,30873,20873
874,BullyBot beat RandBot,BullyBot,RandBot,70,0,3,False,None,N/A,0,0,False,N/A,N/A,N/A,30874,20874
875,RandBot beat BullyBot,RandBot,BullyBot,42,20,3,True,RandBot,0,0,0,False,N/A,N/A,N/A,30875,20875
876,BullyBot beat RandBot,BullyBot,RandBot,77,0,3,False,None,N/A,0,0,False,N/A,N/A,N/A,30876,20876
877,RandBot beat BullyBot,RandBot,BullyBot,66,42,1,False,None,N/A,0,0,False,N/A,N/A,N/A,30877,20877
878,RandBot beat BullyBot,RandBot,BullyBot,65,55,1,False,None,N/A,0,0,False,N/A,N/A,N/A,30878,20878
879,BullyBot beat RandBot,BullyBot,RandBot,52,21,3,True,RandBot,21,0,0,False,N/A,N/A,N/A,30879,20879
880,BullyBot beat RandBot,BullyBot,RandBot,69,0,3,False,None,N/A,0,0,False,N/A,N/A,N/A,30880,20880
881,RandBot beat BullyBot,RandBot,BullyBot,61,59,1,False,None,N/A,0,0,False,N/A,N/A,N/A,30881,20881
882,BullyBot beat RandBot,BullyBot,RandBot,70,0,3,False,None,N/A,0,0,False,N/A,N/A,N/A,30882,20882
883,RandBot beat BullyBot,RandBot,BullyBot,73,41,1,False,None,N/A,0,0,False,N/A,N/A,N/A,30883,20883
884,BullyBot beat RandBot,BullyBot,RandBot,81,0,3,False,None,N/A,0,0,False,N/A,N/A,N/A,30884,20884
885,BullyBot beat RandBot,BullyBot,RandBot,51,0,3,True,RandBot,0,0,0,False,N/A,N/A,N/A,30885,20885
886,BullyBot beat RandBot,BullyBot,RandBot,69,20,2,False,None,N/A,0,0,False,N/A,N/A,N/A,30886,20886
887,RandBot beat BullyBot,RandBot,BullyBot,58,62,1,False,None,N/A,0,0,False,N/A,N/A,N/A,30887,20887
888,BullyBot beat RandBot,BullyBot,RandBot,69,38,1,False,None,N/A,0,0,False,N/A,N/A,N/A,30888,20888
889,BullyBot beat RandBot,BullyBot,RandBot,66,54,1,False,None,N/A,0,0,False,N/A,N/A,N/A,30889,20889
890,RandBot beat BullyBot,RandBot,BullyBot,74,46,1,False,None,N/A,0,0,False,N/A,N/A,N/A,30890,20890
891,RandBot beat BullyBot,RandBot,BullyBot,61,59,1,False,None,N/A,0,0,False,N/A,N/A,N/A,30891,20891
892,BullyBot beat RandBot,BullyBot,RandBot,74,0,3,False,None,N/A,0,0,False,N/A,N/A,N/A,30892,20892
893,RandBot beat BullyBot,RandBot,BullyBot,66,42,1,False,None,N/A,0,0,False,N/A,N/A,N/A,30893,20893
894,RandBot beat BullyBot,RandBot,BullyBot,71,38,1,False,None,N/A,0,0,False,N/A,N/A,N/A,30894,20894
895,RandBot beat BullyBot,RandBot,BullyBot,66,43,1,False,None,N/A,0,0,False,N/A,N/A,N/A,30895,20895
896,BullyBot beat RandBot,BullyBot,RandBot,70,0,3,False,None,N/A,0,0,False,N/A,N/A,N/A,30896,20896
897,BullyBot beat RandBot,BullyBot,RandBot,66,28,2,False,None,N/A,0,0,False,N/A,N/A,N/A,30897,20897
898,BullyBot beat RandBot,BullyBot,RandBot,75,13,2,False,None,N/A,0,0,False,N/A,N/A,N/A,30898,20898
899,RandBot beat BullyBot,RandBot,BullyBot,69,17,2,True,RandBot,35,0,0,False,N/A,N/A,N/A,30899,20899
900,RandBot beat BullyBot,RandBot,BullyBot,67,49,1,False,None,N/A,0,0,False,N/A,N/A,N/A,30900,20900
901,BullyBot beat RandBot,BullyBot,RandBot,70,0,3,False,None,N/A,0,0,False,N/A,N/A,N/A,30901,20901
902,BullyBot beat RandBot,BullyBot,RandBot,66,0,3,False,None,N/A,0,0,False,N/A,N/A,N/A,30902,20902
903,RandBot beat BullyBot,RandBot,BullyBot,67,53,1,False,None,N/A,0,0,False,N/A,N/A,N/A,30903,20903
904,BullyBot beat RandBot,BullyBot,RandBot,74,0,3,False,None,N/A,0,0,False,N/A,N/A,N/A,30904,20904
905,BullyBot beat RandBot,BullyBot,RandBot,73,14,2,False,None,N/A,0,0,False,N/A,N/A,N/A,30905,20905
906,RandBot beat BullyBot,RandBot,BullyBot,76,22,2,False,None,N/A,0,0,False,N/A,N/A,N/A,30906,20906
907,BullyBot beat RandBot,BullyBot,RandBot,72,21,2,False,None,N/A,0,0,False,N/A,N/A,N/A,30907,20907
908,BullyBot beat RandBot,BullyBot,RandBot,68,0,3,False,None,N/A,0,0,False,N/A,N/A,N/A,30908,20908
909,RandBot beat BullyBot,RandBot,BullyBot,45,13,3,True,RandBot,0,0,0,False,N/A,N/A,N/A,30909,20909
910,RandBot beat BullyBot,RandBot,BullyBot,65,33,2,True,RandBot,27,0,0,False,N/A,N/A,N/A,30910,20910
911,BullyBot beat RandBot,BullyBot,RandBot,0,0,3,True,RandBot,0,0,0,False,N/A,N/A,N/A,30911,20911
912,BullyBot beat RandBot,BullyBot,RandBot,74,39,1,False,None,N/A,0,0,False,N/A,N/A,N/A,30912,20912
913,BullyBot beat RandBot,BullyBot,RandBot,69,0,3,False,None,N/A,0,0,False,N/A,N/A,N/A,30913,20913
914,RandBot beat BullyBot,RandBot,BullyBot,71,49,1,False,None,N/A,0,0,False,N/A,N/A,N/A,30914,20914
915,RandBot beat BullyBot,RandBot,BullyBot,66,54,1,False,None,N/A,0,0,False,N/A,N/A,N/A,30915,20915
916,BullyBot beat RandBot,BullyBot,RandBot,45,62,2,True,RandBot,21,0,0,False,N/A,N/A,N/A,30916,20916
917,BullyBot beat RandBot,BullyBot,RandBot,68,0,3,False,None,N/A,0,0,False,N/A,N/A,N/A,30917,20917
918,RandBot beat BullyBot,RandBot,BullyBot,61,59,1,False,None,N/A,0,0,False,N/A,N/A,N/A,30918,20918
919,RandBot beat BullyBot,RandBot,BullyBot,70,38,1,False,None,N/A,0,0,False,N/A,N/A,N/A,30919,20919
920,RandBot beat BullyBot,RandBot,BullyBot,60,60,1,False,None,N/A,0,0,False,N/A,N/A,N/A,30920,20920
921,RandBot beat BullyBot,RandBot,BullyBot,62,58,1,False,None,N/A,0,0,False,N/A,N/A,N/A,30921,20921
922,RandBot beat BullyBot,RandBot,BullyBot,59,61,1,False,None,N/A,0,0,False,N/A,N/A,N/A,30922,20922
923,BullyBot beat RandBot,BullyBot,RandBot,52,14,3,True,RandBot,0,0,0,False,N/A,N/A,N/A,30923,20923
924,BullyBot beat RandBot,BullyBot,RandBot,68,0,3,False,None,N/A,0,0,False,N/A,N/A,N/A,30924,20924
925,BullyBot beat RandBot,BullyBot,RandBot,69,0,3,False,None,N/A,0,0,False,N/A,N/A,N/A,30925,20925
926,BullyBot beat RandBot,BullyBot,RandBot,53,46,2,True,RandBot,20,0,0,False,N/A,N/A,N/A,30926,20926
927,RandBot beat BullyBot,RandBot,BullyBot,67,26,2,False,None,N/A,0,0,False,N/A,N/A,N/A,30927,20927
928,RandBot beat BullyBot,RandBot,BullyBot,60,39,1,True,RandBot,20,0,0,False,N/A,N/A,N/A,30928,20928
929,BullyBot beat RandBot,BullyBot,RandBot,73,0,3,False,None,N/A,0,0,False,N/A,N/A,N/A,30929,20929
930,BullyBot beat RandBot,BullyBot,RandBot,76,0,3,False,None,N/A,0,0,False,N/A,N/A,N/A,30930,20930
931,BullyBot beat RandBot,BullyBot,RandBot,67,0,3,False,None,N/A,0,0,False,N/A,N/A,N/A,30931,20931
932,RandBot beat BullyBot,RandBot,BullyBot,65,55,1,False,None,N/A,0,0,False,N/A,N/A,N/A,30932,20932
933,BullyBot beat RandBot,BullyBot,RandBot,76,0,3,False,None,N/A,0,0,False,N/A,N/A,N/A,30933,20933
934,RandBot beat BullyBot,RandBot,BullyBot,60,60,1,False,None,N/A,0,0,False,N/A,N/A,N/A,30934,20934
935,RandBot beat BullyBot,RandBot,BullyBot,59,14,3,True,RandBot,5,0,0,False,N/A,N/A,N/A,30935,20935
936,BullyBot beat RandBot,BullyBot,RandBot,74,0,3,False,None,N/A,0,0,False,N/A,N/A,N/A,30936,20936
937,BullyBot beat RandBot,BullyBot,RandBot,69,0,3,False,None,N/A,0,0,False,N/A,N/A,N/A,30937,20937
938,BullyBot beat RandBot,BullyBot,RandBot,77,0,3,False,None,N/A,0,0,False,N/A,N/A,N/A,30938,20938
939,BullyBot beat RandBot,BullyBot,RandBot,72,36,1,False,None,N/A,0,0,False,N/A,N/A,N/A,30939,20939
940,BullyBot beat RandBot,BullyBot,RandBot,73,0,3,False,None,N/A,0,0,False,N/A,N/A,N/A,30940,20940
941,RandBot beat BullyBot,RandBot,BullyBot,69,0,3,True,RandBot,0,0,0,False,N/A,N/A,N/A,30941,20941
942,BullyBot beat RandBot,BullyBot,RandBot,66,0,3,False,None,N/A,0,0,False,N/A,N/A,N/A,30942,20942
943,RandBot beat BullyBot,RandBot,BullyBot,26,51,3,True,RandBot,21,0,0,False,N/A,N/A,N/A,30943,20943
944,BullyBot beat RandBot,BullyBot,RandBot,76,0,3,False,None,N/A,0,0,False,N/A,N/A,N/A,30944,20944
945,BullyBot beat RandBot,BullyBot,RandBot,78,0,3,False,None,N/A,0,0,False,N/A,N/A,N/A,30945,20945
946,BullyBot beat RandBot,BullyBot,RandBot,68,0,3,False,None,N/A,0,0,False,N/A,N/A,N/A,30946,20946
947,RandBot beat BullyBot,RandBot,BullyBot,70,0,3,True,RandBot,0,0,0,False,N/A,N/A,N/A,30947,20947
948,RandBot beat BullyBot,RandBot,BullyBot,59,61,1,False,None,N/A,0,0,False,N/A,N/A,N/A,30948,20948
949,RandBot beat BullyBot,RandBot,BullyBot,57,63,1,False,None,N/A,0,0,False,N/A,N/A,N/A,30949,20949
950,BullyBot beat RandBot,BullyBot,RandBot,72,28,2,False,None,N/A,0,0,False,N/A,N/A,N/A,30950,20950
951,BullyBot beat RandBot,BullyBot,RandBot,82,12,2,False,None,N/A,0,0,False,N/A,N/A,N/A,30951,20951
952,BullyBot beat RandBot,BullyBot,RandBot,72,0,3,False,None,N/A,0,0,False,N/A,N/A,N/A,30952,20952
953,RandBot beat BullyBot,RandBot,BullyBot,70,12,3,True,RandBot,55,0,0,False,N/A,N/A,N/A,30953,20953
954,BullyBot beat RandBot,BullyBot,RandBot,70,14,2,False,None,N/A,0,0,False,N/A,N/A,N/A,30954,20954
955,RandBot beat BullyBot,RandBot,BullyBot,69,33,1,False,None,N/A,0,0,False,N/A,N/A,N/A,30955,20955
956,BullyBot beat RandBot,BullyBot,RandBot,75,13,2,False,None,N/A,0,0,False,N/A,N/A,N/A,30956,20956
957,RandBot beat BullyBot,RandBot,BullyBot,70,5,2,False,None,N/A,0,0,False,N/A,N/A,N/A,30957,20957
958,RandBot beat BullyBot,RandBot,BullyBot,69,39,1,False,None,N/A,0,0,False,N/A,N/A,N/A,30958,20958
959,RandBot beat BullyBot,RandBot,BullyBot,73,27,2,False,None,N/A,0,0,False,N/A,N/A,N/A,30959,20959
960,BullyBot beat RandBot,BullyBot,RandBot,68,0,3,False,None,N/A,0,0,False,N/A,N/A,N/A,30960,20960
961,BullyBot beat RandBot,BullyBot,RandBot,69,0,3,False,None,N/A,0,0,False,N/A,N/A,N/A,30961,20961
962,RandBot beat BullyBot,RandBot,BullyBot,74,46,1,False,None,N/A,0,0,False,N/A,N/A,N/A,30962,20962
963,RandBot beat BullyBot,RandBot,BullyBot,73,12,2,True,RandBot,39,0,0,False,N/A,N/A,N/A,30963,20963
964,BullyBot beat RandBot,BullyBot,RandBot,74,0,3,False,None,N/A,0,0,False,N/A,N/A,N/A,30964,20964
965,BullyBot beat RandBot,BullyBot,RandBot,74,0,3,False,None,N/A,0,0,False,N/A,N/A,N/A,30965,20965
966,BullyBot beat RandBot,BullyBot,RandBot,75,0,3,False,None,N/A,0,0,False,N/A,N/A,N/A,30966,20966
967,RandBot beat BullyBot,RandBot,BullyBot,76,12,2,False,None,N/A,0,0,False,N/A,N/A,N/A,30967,20967
968,RandBot beat BullyBot,RandBot,BullyBot,69,51,1,False,None,N/A,0,0,False,N/A,N/A,N/A,30968,20968
969,BullyBot beat RandBot,BullyBot,RandBot,74,0,3,False,None,N/A,0,0,False,N/A,N/A,N/A,30969,20969
970,RandBot beat BullyBot,RandBot,BullyBot,33,45,2,True,RandBot,13,0,0,False,N/A,N/A,N/A,30970,20970
971,RandBot beat BullyBot,RandBot,BullyBot,67,20,2,True,RandBot,35,0,0,False,N/A,N/A,N/A,30971,20971
972,RandBot beat BullyBot,RandBot,BullyBot,69,13,2,False,None,N/A,0,0,False,N/A,N/A,N/A,30972,20972
973,BullyBot beat RandBot,BullyBot,RandBot,67,28,2,False,None,N/A,0,0,False,N/A,N/A,N/A,30973,20973
974,BullyBot beat RandBot,BullyBot,RandBot,70,21,2,False,None,N/A,0,0,False,N/A,N/A,N/A,30974,20974
975,BullyBot beat RandBot,BullyBot,RandBot,75,0,3,False,None,N/A,0,0,False,N/A,N/A,N/A,30975,20975
976,RandBot beat BullyBot,RandBot,BullyBot,69,13,2,True,RandBot,14,0,0,False,N/A,N/A,N/A,30976,20976
977,RandBot beat BullyBot,RandBot,BullyBot,68,48,1,False,None,N/A,0,0,False,N/A,N/A,N/A,30977,20977
978,BullyBot beat RandBot,BullyBot,RandBot,67,0,3,False,None,N/A,0,0,False,N/A,N/A,N/A,30978,20978
979,BullyBot beat RandBot,BullyBot,RandBot,42,40,3,True,RandBot,13,0,0,False,N/A,N/A,N/A,30979,20979
980,BullyBot beat RandBot,BullyBot,RandBot,67,53,1,False,None,N/A,0,0,False,N/A,N/A,N/A,30980,20980
981,RandBot beat BullyBot,RandBot,BullyBot,66,27,2,True,RandBot,20,0,0,False,N/A,N/A,N/A,30981,20981
982,BullyBot beat RandBot,BullyBot,RandBot,70,38,1,False,None,N/A,0,0,False,N/A,N/A,N/A,30982,20982
983,RandBot beat BullyBot,RandBot,BullyBot,66,54,1,False,None,N/A,0,0,False,N/A,N/A,N/A,30983,20983
984,BullyBot beat RandBot,BullyBot,RandBot,69,0,3,False,None,N/A,0,0,False,N/A,N/A,N/A,30984,20984
985,BullyBot beat RandBot,BullyBot,RandBot,69,14,3,True,RandBot,14,0,0,False,N/A,N/A,N/A,30985,20985
986,BullyBot beat RandBot,BullyBot,RandBot,70,0,3,False,None,N/A,0,0,False,N/A,N/A,N/A,30986,20986
987,BullyBot beat RandBot,BullyBot,RandBot,67,0,3,False,None,N/A,0,0,False,N/A,N/A,N/A,30987,20987
988,RandBot beat BullyBot,RandBot,BullyBot,47,38,2,True,RandBot,14,0,0,False,N/A,N/A,N/A,30988,20988
989,RandBot beat BullyBot,RandBot,BullyBot,77,26,2,False,None,N/A,0,0,False,N/A,N/A,N/A,30989,20989
990,BullyBot beat RandBot,BullyBot,RandBot,82,0,3,False,None,N/A,0,0,False,N/A,N/A,N/A,30990,20990
991,BullyBot beat RandBot,BullyBot,RandBot,30,14,3,True,RandBot,0,0,0,False,N/A,N/A,N/A,30991,20991
992,RandBot beat BullyBot,RandBot,BullyBot,60,60,1,False,None,N/A,0,0,False,N/A,N/A,N/A,30992,20992
993,RandBot beat BullyBot,RandBot,BullyBot,60,60,1,False,None,N/A,0,0,False,N/A,N/A,N/A,30993,20993
994,BullyBot beat RandBot,BullyBot,RandBot,67,12,2,False,None,N/A,0,0,False,N/A,N/A,N/A,30994,20994
995,BullyBot beat RandBot,BullyBot,RandBot,11,57,3,True,RandBot,15,0,0,False,N/A,N/A,N/A,30995,20995
996,RandBot beat BullyBot,RandBot,BullyBot,74,46,1,False,None,N/A,0,0,False,N/A,N/A,N/A,30996,20996
997,BullyBot beat RandBot,BullyBot,RandBot,40,13,3,True,RandBot,6,0,0,False,N/A,N/A,N/A,30997,20997
998,RandBot beat BullyBot,RandBot,BullyBot,68,13,2,True,RandBot,14,0,0,False,N/A,N/A,N/A,30998,20998
999,BullyBot beat RandBot,BullyBot,RandBot,76,20,2,False,None,N/A,0,0,False,N/A,N/A,N/A,30999,20999